team,world_football_elo,world_football_elo_rank,source_as_of,requested_as_of,source,source_url,coverage_status
Spain,2157,1,2026-06-10,2026-06-11,World Football Elo Ratings via Wikipedia,https://en.wikipedia.org/wiki/World_Football_Elo_Ratings,top_20_only
Argentina,2115,2,2026-06-10,2026-06-11,World Football Elo Ratings via Wikipedia,https://en.wikipedia.org/wiki/World_Football_Elo_Ratings,top_20_only
France,2081,3,2026-06-10,2026-06-11,World Football Elo Ratings via Wikipedia,https://en.wikipedia.org/wiki/World_Football_Elo_Ratings,top_20_only
England,2047,4,2026-06-10,2026-06-11,World Football Elo Ratings via Wikipedia,https://en.wikipedia.org/wiki/World_Football_Elo_Ratings,top_20_only
Brazil,2020,5,2026-06-10,2026-06-11,World Football Elo Ratings via Wikipedia,https://en.wikipedia.org/wiki/World_Football_Elo_Ratings,top_20_only
Norway,2011,6,2026-06-10,2026-06-11,World Football Elo Ratings via Wikipedia,https://en.wikipedia.org/wiki/World_Football_Elo_Ratings,top_20_only
Portugal,1998,7,2026-06-10,2026-06-11,World Football Elo Ratings via Wikipedia,https://en.wikipedia.org/wiki/World_Football_Elo_Ratings,top_20_only
Netherlands,1971,8,2026-06-10,2026-06-11,World Football Elo Ratings via Wikipedia,https://en.wikipedia.org/wiki/World_Football_Elo_Ratings,top_20_only
Colombia,1970,9,2026-06-10,2026-06-11,World Football Elo Ratings via Wikipedia,https://en.wikipedia.org/wiki/World_Football_Elo_Ratings,top_20_only
Germany,1936,10,2026-06-10,2026-06-11,World Football Elo Ratings via Wikipedia,https://en.wikipedia.org/wiki/World_Football_Elo_Ratings,top_20_only
Italy,1928,11,2026-06-10,2026-06-11,World Football Elo Ratings via Wikipedia,https://en.wikipedia.org/wiki/World_Football_Elo_Ratings,top_20_only
Belgium,1924,12,2026-06-10,2026-06-11,World Football Elo Ratings via Wikipedia,https://en.wikipedia.org/wiki/World_Football_Elo_Ratings,top_20_only
Uruguay,1921,13,2026-06-10,2026-06-11,World Football Elo Ratings via Wikipedia,https://en.wikipedia.org/wiki/World_Football_Elo_Ratings,top_20_only
Croatia,1898,14,2026-06-10,2026-06-11,World Football Elo Ratings via Wikipedia,https://en.wikipedia.org/wiki/World_Football_Elo_Ratings,top_20_only
Japan,1891,15,2026-06-10,2026-06-11,World Football Elo Ratings via Wikipedia,https://en.wikipedia.org/wiki/World_Football_Elo_Ratings,top_20_only
Morocco,1889,16,2026-06-10,2026-06-11,World Football Elo Ratings via Wikipedia,https://en.wikipedia.org/wiki/World_Football_Elo_Ratings,top_20_only
Ecuador,1886,17,2026-06-10,2026-06-11,World Football Elo Ratings via Wikipedia,https://en.wikipedia.org/wiki/World_Football_Elo_Ratings,top_20_only
Denmark,1868,18,2026-06-10,2026-06-11,World Football Elo Ratings via Wikipedia,https://en.wikipedia.org/wiki/World_Football_Elo_Ratings,top_20_only
Switzerland,1868,19,2026-06-10,2026-06-11,World Football Elo Ratings via Wikipedia,https://en.wikipedia.org/wiki/World_Football_Elo_Ratings,top_20_only
Austria,1862,20,2026-06-10,2026-06-11,World Football Elo Ratings via Wikipedia,https://en.wikipedia.org/wiki/World_Football_Elo_Ratings,top_20_only
