model_id,model_label,primary_comparison,team,champion_pct,final_pct,semi_finals_pct,quarter_finals_pct,round_of_16_pct,round_of_32_pct,third_place_pct,fourth_place_pct,average_group_points,average_group_goal_difference,team_rating,squad_rating,nt_elo,fouls_per_tournament,yellow_cards_per_tournament,red_cards_per_tournament,substitutions_per_tournament,set_piece_goals_per_tournament,possession_tick_share
primitive_eafc_poisson,Primitive EAFC Poisson,True,France,12.5,20.41,32.03,48.44,69.58,93.67,7.53,4.09,6.121,3.005,85.815,,,,,,,,
primitive_eafc_poisson,Primitive EAFC Poisson,True,Spain,10.26,17.77,28.45,44.75,66.67,93.65,6.65,4.03,6.174,3.004,84.592,,,,,,,,
primitive_eafc_poisson,Primitive EAFC Poisson,True,England,8.55,15.12,25.72,41.19,63.6,91.09,6.7,3.9,5.853,2.503,83.987,,,,,,,,
primitive_eafc_poisson,Primitive EAFC Poisson,True,Brazil,8.42,15.25,25.97,41.47,62.75,90.1,6.44,4.28,5.768,2.379,84.078,,,,,,,,
primitive_eafc_poisson,Primitive EAFC Poisson,True,Portugal,8.39,15.28,25.39,41.24,64.38,91.21,6.32,3.79,5.864,2.54,83.958,,,,,,,,
primitive_eafc_poisson,Primitive EAFC Poisson,True,Germany,8.11,15.19,26.49,43.05,66.06,92.83,7.23,4.07,6.054,2.788,84.078,,,,,,,,
primitive_eafc_poisson,Primitive EAFC Poisson,True,Argentina,7.67,13.86,24.11,40.27,62.55,90.65,6.09,4.16,5.844,2.495,83.581,,,,,,,,
primitive_eafc_poisson,Primitive EAFC Poisson,True,Netherlands,6.17,11.42,21.32,36.22,58.66,87.63,5.82,4.08,5.556,2.074,82.977,,,,,,,,
primitive_eafc_poisson,Primitive EAFC Poisson,True,Belgium,4.47,8.92,17.1,32.08,57.69,91.78,4.68,3.5,6.012,2.744,81.442,,,,,,,,
primitive_eafc_poisson,Primitive EAFC Poisson,True,Croatia,2.54,5.39,11.77,23.27,45.17,79.62,3.09,3.29,4.767,0.933,79.459,,,,,,,,
primitive_eafc_poisson,Primitive EAFC Poisson,True,Turkey,2.13,4.88,11.02,24.12,47.37,84.43,2.68,3.46,5.205,1.52,79.199,,,,,,,,
primitive_eafc_poisson,Primitive EAFC Poisson,True,Morocco,1.72,4.14,9.53,19.89,40.46,75.93,2.34,3.05,4.477,0.512,78.8,,,,,,,,
primitive_eafc_poisson,Primitive EAFC Poisson,True,Uruguay,1.6,3.93,8.75,19.12,39.41,76.81,2.0,2.82,4.551,0.613,78.08,,,,,,,,
primitive_eafc_poisson,Primitive EAFC Poisson,True,Norway,1.59,4.07,9.24,19.9,40.16,74.6,2.33,2.84,4.371,0.359,78.592,,,,,,,,
primitive_eafc_poisson,Primitive EAFC Poisson,True,Switzerland,1.55,3.76,9.45,21.65,44.69,82.35,2.42,3.27,5.093,1.376,78.391,,,,,,,,
primitive_eafc_poisson,Primitive EAFC Poisson,True,Colombia,1.52,3.57,8.26,18.9,39.45,74.78,2.05,2.64,4.45,0.493,78.182,,,,,,,,
primitive_eafc_poisson,Primitive EAFC Poisson,True,Sweden,1.28,3.18,7.73,17.24,36.72,72.04,1.9,2.65,4.295,0.267,77.912,,,,,,,,
primitive_eafc_poisson,Primitive EAFC Poisson,True,United States,1.16,3.38,7.67,17.69,38.69,77.49,1.83,2.46,4.68,0.826,77.329,,,,,,,,
primitive_eafc_poisson,Primitive EAFC Poisson,True,Austria,1.15,2.95,6.98,15.92,35.27,71.96,1.72,2.31,4.255,0.196,77.254,,,,,,,,
primitive_eafc_poisson,Primitive EAFC Poisson,True,Ivory Coast,1.02,2.63,7.01,16.46,35.56,73.3,1.94,2.44,4.278,0.27,77.174,,,,,,,,
primitive_eafc_poisson,Primitive EAFC Poisson,True,Czech Republic,1.0,2.84,6.87,17.11,38.41,78.21,1.66,2.37,4.741,0.912,76.4,,,,,,,,
primitive_eafc_poisson,Primitive EAFC Poisson,True,Algeria,0.98,2.18,5.87,14.61,32.83,69.19,1.59,2.1,4.088,-0.07,76.489,,,,,,,,
primitive_eafc_poisson,Primitive EAFC Poisson,True,Senegal,0.94,2.36,6.41,15.59,34.21,70.07,1.68,2.37,4.099,-0.081,77.363,,,,,,,,
primitive_eafc_poisson,Primitive EAFC Poisson,True,Scotland,0.63,1.92,4.85,12.34,29.45,63.59,1.21,1.72,3.753,-0.511,76.168,,,,,,,,
primitive_eafc_poisson,Primitive EAFC Poisson,True,Mexico,0.62,1.73,4.76,13.33,33.16,74.43,1.13,1.9,4.452,0.491,75.236,,,,,,,,
primitive_eafc_poisson,Primitive EAFC Poisson,True,Canada,0.55,1.69,5.09,13.3,31.97,72.81,1.28,2.12,4.339,0.319,75.413,,,,,,,,
primitive_eafc_poisson,Primitive EAFC Poisson,True,Japan,0.54,1.76,5.15,12.36,29.42,64.69,1.22,2.17,3.841,-0.384,75.992,,,,,,,,
primitive_eafc_poisson,Primitive EAFC Poisson,True,Ghana,0.45,1.23,3.65,9.82,25.06,60.17,0.85,1.57,3.582,-0.78,74.802,,,,,,,,
primitive_eafc_poisson,Primitive EAFC Poisson,True,South Korea,0.44,1.38,4.66,13.05,32.11,73.4,1.32,1.96,4.386,0.384,75.005,,,,,,,,
primitive_eafc_poisson,Primitive EAFC Poisson,True,Ecuador,0.42,1.34,4.07,11.1,27.26,64.42,1.03,1.7,3.787,-0.473,75.064,,,,,,,,
primitive_eafc_poisson,Primitive EAFC Poisson,True,DR Congo,0.32,1.16,3.33,10.16,25.3,62.43,0.78,1.39,3.725,-0.597,75.04,,,,,,,,
primitive_eafc_poisson,Primitive EAFC Poisson,True,Bosnia & Herzegovina,0.28,0.87,3.15,9.34,26.15,65.01,0.68,1.6,3.863,-0.33,73.737,,,,,,,,
primitive_eafc_poisson,Primitive EAFC Poisson,True,Paraguay,0.26,0.88,2.97,8.33,23.07,61.42,0.68,1.41,3.691,-0.583,73.469,,,,,,,,
primitive_eafc_poisson,Primitive EAFC Poisson,True,Egypt,0.13,0.69,2.57,7.77,22.93,64.1,0.58,1.3,3.828,-0.413,72.567,,,,,,,,
primitive_eafc_poisson,Primitive EAFC Poisson,True,Saudi Arabia,0.1,0.38,1.65,5.42,17.08,50.22,0.32,0.95,3.092,-1.531,71.943,,,,,,,,
primitive_eafc_poisson,Primitive EAFC Poisson,True,Iran,0.09,0.34,1.18,5.06,17.27,55.14,0.22,0.62,3.343,-1.135,70.655,,,,,,,,
primitive_eafc_poisson,Primitive EAFC Poisson,True,Tunisia,0.08,0.29,1.22,4.55,13.72,42.82,0.25,0.68,2.773,-1.956,71.808,,,,,,,,
primitive_eafc_poisson,Primitive EAFC Poisson,True,New Zealand,0.06,0.27,1.05,4.52,15.62,54.22,0.19,0.59,3.307,-1.196,70.343,,,,,,,,
primitive_eafc_poisson,Primitive EAFC Poisson,True,Australia,0.06,0.2,1.09,4.04,14.17,45.9,0.18,0.71,2.918,-1.763,70.197,,,,,,,,
primitive_eafc_poisson,Primitive EAFC Poisson,True,Qatar,0.04,0.3,1.15,4.39,15.36,50.6,0.28,0.57,3.156,-1.365,70.86,,,,,,,,
primitive_eafc_poisson,Primitive EAFC Poisson,True,Haiti,0.04,0.27,0.94,3.35,11.58,37.78,0.21,0.46,2.533,-2.379,70.695,,,,,,,,
primitive_eafc_poisson,Primitive EAFC Poisson,True,Cape Verde,0.04,0.23,0.95,3.57,12.98,42.58,0.18,0.54,2.742,-2.086,70.493,,,,,,,,
primitive_eafc_poisson,Primitive EAFC Poisson,True,Uzbekistan,0.04,0.13,0.74,2.97,10.15,36.81,0.13,0.48,2.503,-2.436,70.018,,,,,,,,
primitive_eafc_poisson,Primitive EAFC Poisson,True,South Africa,0.04,0.08,0.6,2.63,11.47,45.04,0.1,0.42,2.873,-1.788,68.721,,,,,,,,
primitive_eafc_poisson,Primitive EAFC Poisson,True,Jordan,0.02,0.11,0.62,2.49,9.59,33.65,0.15,0.36,2.349,-2.621,69.502,,,,,,,,
primitive_eafc_poisson,Primitive EAFC Poisson,True,Curacao,0.01,0.13,0.57,2.37,9.55,35.39,0.13,0.31,2.41,-2.586,69.429,,,,,,,,
primitive_eafc_poisson,Primitive EAFC Poisson,True,Panama,0.01,0.1,0.53,2.2,8.87,33.43,0.13,0.3,2.342,-2.655,69.552,,,,,,,,
primitive_eafc_poisson,Primitive EAFC Poisson,True,Iraq,0.01,0.04,0.32,1.36,6.37,26.56,0.08,0.2,1.987,-3.283,68.337,,,,,,,,
v2_heuristic_nt_elo,V2 Heuristic Internal Forest + NT Elo,True,Brazil,19.23,40.72,66.3,76.47,85.29,99.56,14.54,11.04,7.501,3.762,,85.799,1960.8,63.684,8.971,1.516,23.48,0.601,0.6181
v2_heuristic_nt_elo,V2 Heuristic Internal Forest + NT Elo,True,France,19.09,27.87,38.13,51.34,95.28,99.89,7.78,2.48,7.986,4.539,,87.667,2027.2,53.596,6.271,0.648,20.883,0.614,0.5841
v2_heuristic_nt_elo,V2 Heuristic Internal Forest + NT Elo,True,Germany,18.3,41.27,68.69,79.83,92.37,99.71,14.27,13.15,7.695,3.957,,85.793,1884.4,61.135,7.199,0.796,23.926,0.644,0.6246
v2_heuristic_nt_elo,V2 Heuristic Internal Forest + NT Elo,True,Spain,18.18,27.51,39.25,54.49,87.76,99.91,8.8,2.94,7.9,4.266,,86.482,2170.0,50.713,5.77,0.621,21.003,0.54,0.5898
v2_heuristic_nt_elo,V2 Heuristic Internal Forest + NT Elo,True,Argentina,8.52,17.25,45.08,61.11,83.01,99.85,18.38,9.45,7.893,4.319,,85.311,2079.9,63.388,8.408,1.086,21.543,0.587,0.5898
v2_heuristic_nt_elo,V2 Heuristic Internal Forest + NT Elo,True,England,5.16,9.7,26.39,71.45,92.13,99.91,10.85,5.84,7.886,4.324,,86.03,1989.8,50.773,5.735,0.572,20.783,0.616,0.586
v2_heuristic_nt_elo,V2 Heuristic Internal Forest + NT Elo,True,Portugal,4.36,8.43,23.24,38.09,90.12,99.82,9.41,5.4,7.745,4.117,,85.606,1937.1,46.407,5.481,0.637,19.398,0.523,0.5705
v2_heuristic_nt_elo,V2 Heuristic Internal Forest + NT Elo,True,Netherlands,4.3,10.08,20.86,54.5,74.35,99.72,5.84,4.94,7.718,4.024,,84.743,1917.0,46.267,5.27,0.545,19.43,0.477,0.5681
v2_heuristic_nt_elo,V2 Heuristic Internal Forest + NT Elo,True,Belgium,1.39,4.64,11.52,38.15,88.69,99.9,2.87,4.01,8.051,4.647,,83.29,1899.7,40.813,4.464,0.441,18.549,0.533,0.5572
v2_heuristic_nt_elo,V2 Heuristic Internal Forest + NT Elo,True,Turkey,0.3,2.2,8.85,40.59,72.05,95.65,1.26,5.39,5.711,1.829,,80.267,1751.5,47.847,7.189,1.34,18.096,0.431,0.5546
v2_heuristic_nt_elo,V2 Heuristic Internal Forest + NT Elo,True,Mexico,0.18,1.3,6.4,31.81,56.55,97.85,0.55,4.55,6.557,2.638,,76.638,1818.0,63.638,11.893,2.521,17.064,0.398,0.5263
v2_heuristic_nt_elo,V2 Heuristic Internal Forest + NT Elo,True,Switzerland,0.17,1.93,7.78,20.83,65.84,97.32,0.8,5.05,6.369,2.393,,79.682,1801.7,43.35,5.385,0.647,17.09,0.381,0.542
v2_heuristic_nt_elo,V2 Heuristic Internal Forest + NT Elo,True,United States,0.15,1.63,7.73,39.77,72.55,97.75,0.87,5.23,6.447,2.525,,78.493,1826.9,46.635,6.071,0.793,17.963,0.396,0.5456
v2_heuristic_nt_elo,V2 Heuristic Internal Forest + NT Elo,True,Morocco,0.15,1.02,5.58,15.66,30.79,91.15,0.77,3.79,4.866,0.885,,79.858,1858.3,40.078,6.043,1.13,15.641,0.284,0.5071
v2_heuristic_nt_elo,V2 Heuristic Internal Forest + NT Elo,True,Norway,0.11,0.92,3.17,10.38,42.05,86.15,0.57,1.68,4.126,-0.01,,80.066,1732.3,38.063,4.966,0.673,15.728,0.395,0.5128
v2_heuristic_nt_elo,V2 Heuristic Internal Forest + NT Elo,True,Sweden,0.1,0.5,2.23,7.74,18.05,82.79,0.31,1.42,3.952,-0.113,,79.288,1681.0,30.709,3.4,0.324,14.546,0.317,0.4879
v2_heuristic_nt_elo,V2 Heuristic Internal Forest + NT Elo,True,Czech Republic,0.05,0.35,2.05,11.61,30.39,82.72,0.15,1.55,4.053,0.138,,77.599,1678.1,35.735,4.484,0.517,15.011,0.365,0.5054
v2_heuristic_nt_elo,V2 Heuristic Internal Forest + NT Elo,True,Croatia,0.05,0.2,1.92,13.99,53.92,96.28,0.58,1.14,5.346,1.304,,81.111,1870.7,43.989,6.871,1.248,16.362,0.359,0.5202
v2_heuristic_nt_elo,V2 Heuristic Internal Forest + NT Elo,True,Colombia,0.04,0.17,0.86,7.64,39.16,90.43,0.24,0.45,4.796,0.72,,79.533,1836.6,41.855,6.174,1.022,15.299,0.327,0.5047
v2_heuristic_nt_elo,V2 Heuristic Internal Forest + NT Elo,True,South Korea,0.03,0.5,2.89,16.31,41.13,89.2,0.21,2.18,4.755,0.791,,76.902,1768.2,49.502,8.711,1.766,15.74,0.383,0.5125
v2_heuristic_nt_elo,V2 Heuristic Internal Forest + NT Elo,True,Ivory Coast,0.03,0.26,1.61,6.25,31.02,79.98,0.1,1.25,3.875,-0.18,,78.349,1684.1,40.116,6.042,1.005,14.849,0.27,0.4975
v2_heuristic_nt_elo,V2 Heuristic Internal Forest + NT Elo,True,Ecuador,0.03,0.16,0.89,4.22,24.82,79.88,0.05,0.68,3.945,-0.142,,76.29,1762.4,34.228,4.229,0.482,14.394,0.215,0.4856
v2_heuristic_nt_elo,V2 Heuristic Internal Forest + NT Elo,True,Uruguay,0.03,0.06,0.63,4.13,19.1,94.85,0.11,0.46,5.223,1.113,,79.361,1809.6,40.99,6.113,1.004,14.514,0.268,0.4926
v2_heuristic_nt_elo,V2 Heuristic Internal Forest + NT Elo,True,Senegal,0.02,0.58,2.5,9.55,43.0,85.65,0.24,1.68,4.123,-0.117,,78.359,1787.2,36.042,4.376,0.491,15.78,0.297,0.5083
v2_heuristic_nt_elo,V2 Heuristic Internal Forest + NT Elo,True,Austria,0.02,0.17,0.77,3.72,17.88,83.61,0.05,0.55,3.998,-0.174,,78.195,1756.9,33.318,3.926,0.406,14.326,0.252,0.4839
v2_heuristic_nt_elo,V2 Heuristic Internal Forest + NT Elo,True,Algeria,0.01,0.08,0.49,2.52,13.14,86.04,0.07,0.34,4.19,0.024,,77.912,1707.8,47.947,9.377,2.068,14.107,0.27,0.4832
v2_heuristic_nt_elo,V2 Heuristic Internal Forest + NT Elo,True,Canada,0.0,0.22,1.56,9.76,41.57,93.35,0.09,1.25,5.422,1.494,,76.268,1741.5,41.425,5.748,0.829,15.43,0.329,0.5026
v2_heuristic_nt_elo,V2 Heuristic Internal Forest + NT Elo,True,Japan,0.0,0.18,1.15,5.21,14.46,79.89,0.1,0.87,3.976,-0.248,,77.136,1794.3,29.338,3.306,0.323,14.085,0.245,0.4821
v2_heuristic_nt_elo,V2 Heuristic Internal Forest + NT Elo,True,Scotland,0.0,0.08,0.87,4.73,11.63,64.54,0.09,0.7,3.116,-1.071,,77.079,1704.1,29.0,3.42,0.359,13.518,0.243,0.4749
v2_heuristic_nt_elo,V2 Heuristic Internal Forest + NT Elo,True,Bosnia & Herzegovina,0.0,0.02,0.2,1.72,10.08,59.2,0.0,0.18,2.985,-1.08,,74.401,1615.9,35.063,5.53,1.006,13.071,0.267,0.4563
v2_heuristic_nt_elo,V2 Heuristic Internal Forest + NT Elo,True,DR Congo,0.0,0.0,0.02,0.73,9.74,68.27,0.0,0.02,3.231,-1.027,,76.345,1646.7,32.556,5.051,0.959,13.391,0.26,0.4632
v2_heuristic_nt_elo,V2 Heuristic Internal Forest + NT Elo,True,Ghana,0.0,0.0,0.01,0.6,6.17,50.88,0.01,0.0,2.58,-1.885,,75.958,1614.0,31.593,4.628,0.687,12.765,0.201,0.4584
v2_heuristic_nt_elo,V2 Heuristic Internal Forest + NT Elo,True,Paraguay,0.0,0.0,0.13,1.76,12.2,49.63,0.02,0.11,2.585,-1.547,,73.804,1693.7,26.111,3.116,0.353,12.829,0.231,0.4552
v2_heuristic_nt_elo,V2 Heuristic Internal Forest + NT Elo,True,Egypt,0.0,0.0,0.13,1.5,14.07,86.92,0.02,0.11,4.521,0.2,,73.379,1711.6,30.332,4.314,0.771,14.065,0.314,0.4821
v2_heuristic_nt_elo,V2 Heuristic Internal Forest + NT Elo,True,Tunisia,0.0,0.0,0.01,0.12,0.71,8.77,0.0,0.01,0.938,-3.663,,72.429,1690.4,28.34,5.717,1.411,11.325,0.124,0.4193
v2_heuristic_nt_elo,V2 Heuristic Internal Forest + NT Elo,True,Cape Verde,0.0,0.0,0.03,0.16,1.3,29.45,0.0,0.03,1.863,-2.641,,72.176,1621.5,38.196,7.752,1.764,11.866,0.149,0.4292
v2_heuristic_nt_elo,V2 Heuristic Internal Forest + NT Elo,True,Haiti,0.0,0.0,0.0,0.07,0.59,10.67,0.0,0.0,1.017,-3.575,,71.95,1594.0,28.76,5.064,1.031,11.371,0.127,0.4146
v2_heuristic_nt_elo,V2 Heuristic Internal Forest + NT Elo,True,Qatar,0.0,0.0,0.03,0.35,1.92,19.2,0.0,0.03,1.45,-2.807,,71.852,1658.9,26.886,4.313,0.84,11.548,0.2,0.4286
v2_heuristic_nt_elo,V2 Heuristic Internal Forest + NT Elo,True,Saudi Arabia,0.0,0.0,0.0,0.11,1.62,25.8,0.0,0.0,1.661,-2.737,,71.799,1637.7,19.401,2.13,0.271,11.747,0.155,0.4333
v2_heuristic_nt_elo,V2 Heuristic Internal Forest + NT Elo,True,Iran,0.0,0.0,0.02,0.41,5.73,54.74,0.0,0.02,2.743,-1.759,,71.785,1780.6,28.865,4.102,0.674,12.84,0.246,0.4499
v2_heuristic_nt_elo,V2 Heuristic Internal Forest + NT Elo,True,New Zealand,0.0,0.0,0.01,0.12,1.68,17.72,0.0,0.01,1.356,-3.088,,71.455,1590.9,29.35,5.086,1.028,11.536,0.194,0.4296
v2_heuristic_nt_elo,V2 Heuristic Internal Forest + NT Elo,True,Australia,0.0,0.0,0.02,0.34,3.33,20.59,0.0,0.02,1.515,-2.807,,71.148,1746.4,35.527,6.395,1.204,11.65,0.146,0.4235
v2_heuristic_nt_elo,V2 Heuristic Internal Forest + NT Elo,True,Uzbekistan,0.0,0.0,0.0,0.04,0.41,8.55,0.0,0.0,0.9,-3.81,,70.991,1661.4,24.237,4.01,0.834,11.361,0.137,0.4172
v2_heuristic_nt_elo,V2 Heuristic Internal Forest + NT Elo,True,Curacao,0.0,0.0,0.0,0.03,0.6,8.27,0.0,0.0,0.933,-3.635,,70.971,1597.1,38.026,7.916,1.769,11.274,0.117,0.4143
v2_heuristic_nt_elo,V2 Heuristic Internal Forest + NT Elo,True,Panama,0.0,0.0,0.0,0.01,0.41,9.82,0.0,0.0,0.972,-3.744,,70.116,1727.8,20.368,2.438,0.308,11.358,0.111,0.4161
v2_heuristic_nt_elo,V2 Heuristic Internal Forest + NT Elo,True,Jordan,0.0,0.0,0.0,0.0,0.25,4.95,0.0,0.0,0.666,-4.169,,69.605,1625.3,16.744,1.608,0.127,11.32,0.129,0.4143
v2_heuristic_nt_elo,V2 Heuristic Internal Forest + NT Elo,True,Iraq,0.0,0.0,0.0,0.01,0.3,4.02,0.0,0.0,0.604,-4.412,,69.319,1642.1,25.085,4.028,0.769,11.347,0.106,0.4145
v2_heuristic_nt_elo,V2 Heuristic Internal Forest + NT Elo,True,South Africa,0.0,0.0,0.0,0.07,0.79,9.2,0.0,0.0,0.966,-3.567,,68.67,1635.6,20.369,2.377,0.282,11.339,0.153,0.4144
v2_random_forest_nt_elo,V2 sklearn Random Forest + NT Elo,True,Brazil,20.09,42.09,68.77,78.02,86.82,99.75,15.17,11.51,7.683,3.958,,85.799,1960.8,64.78,9.097,1.513,23.718,0.607,0.6197
v2_random_forest_nt_elo,V2 sklearn Random Forest + NT Elo,True,Germany,19.75,42.93,72.37,82.23,93.07,99.81,15.54,13.9,7.769,4.011,,85.793,1884.4,62.044,7.388,0.805,24.29,0.642,0.6282
v2_random_forest_nt_elo,V2 sklearn Random Forest + NT Elo,True,France,19.46,29.44,39.97,52.1,95.5,99.8,7.85,2.68,8.021,4.471,,87.667,2027.2,54.14,6.298,0.642,21.057,0.627,0.586
v2_random_forest_nt_elo,V2 sklearn Random Forest + NT Elo,True,Spain,17.11,26.65,39.22,52.99,88.45,99.85,9.29,3.28,7.916,4.306,,86.482,2170.0,50.706,5.828,0.618,20.984,0.536,0.5894
v2_random_forest_nt_elo,V2 sklearn Random Forest + NT Elo,True,Argentina,6.93,14.16,36.99,57.45,83.6,99.86,14.32,8.51,7.919,4.356,,85.311,2079.9,61.455,8.216,1.045,20.927,0.575,0.5833
v2_random_forest_nt_elo,V2 sklearn Random Forest + NT Elo,True,England,6.76,13.48,34.5,75.36,92.65,99.87,13.92,7.1,7.854,4.25,,86.03,1989.8,52.53,5.923,0.593,21.515,0.63,0.5943
v2_random_forest_nt_elo,V2 sklearn Random Forest + NT Elo,True,Portugal,4.35,8.44,23.56,40.88,90.42,99.77,9.51,5.61,7.801,4.151,,85.606,1937.1,47.014,5.521,0.638,19.568,0.515,0.5724
v2_random_forest_nt_elo,V2 sklearn Random Forest + NT Elo,True,Netherlands,3.38,8.73,19.7,54.9,76.4,99.81,5.98,4.99,7.734,3.999,,84.743,1917.0,46.322,5.277,0.536,19.442,0.478,0.5688
v2_random_forest_nt_elo,V2 sklearn Random Forest + NT Elo,True,Belgium,1.1,3.73,10.17,39.92,90.16,99.9,3.01,3.43,8.085,4.65,,83.29,1899.7,40.852,4.459,0.451,18.545,0.526,0.5568
v2_random_forest_nt_elo,V2 sklearn Random Forest + NT Elo,True,Turkey,0.25,1.99,8.96,45.0,74.01,96.81,0.9,6.07,6.029,2.126,,80.267,1751.5,48.916,7.349,1.376,18.302,0.423,0.5566
v2_random_forest_nt_elo,V2 sklearn Random Forest + NT Elo,True,Switzerland,0.24,1.84,8.16,20.91,69.17,98.15,0.88,5.44,6.637,2.695,,79.682,1801.7,43.97,5.455,0.646,17.207,0.378,0.5427
v2_random_forest_nt_elo,V2 sklearn Random Forest + NT Elo,True,Norway,0.13,0.79,3.45,11.41,47.97,89.86,0.43,2.23,4.285,0.232,,80.066,1732.3,39.225,5.106,0.686,16.139,0.394,0.5179
v2_random_forest_nt_elo,V2 sklearn Random Forest + NT Elo,True,United States,0.09,1.36,6.33,36.84,72.22,97.74,0.54,4.43,6.212,2.296,,78.493,1826.9,45.872,5.977,0.773,17.79,0.394,0.5453
v2_random_forest_nt_elo,V2 sklearn Random Forest + NT Elo,True,Morocco,0.08,0.78,4.21,12.61,27.58,90.99,0.41,3.02,4.806,0.766,,79.858,1858.3,39.325,5.941,1.115,15.313,0.28,0.5016
v2_random_forest_nt_elo,V2 sklearn Random Forest + NT Elo,True,Croatia,0.06,0.3,1.83,12.92,57.43,96.43,0.49,1.04,5.415,1.397,,81.111,1870.7,44.303,6.965,1.25,16.422,0.372,0.5213
v2_random_forest_nt_elo,V2 sklearn Random Forest + NT Elo,True,South Korea,0.04,0.42,2.32,15.9,38.09,90.27,0.17,1.73,4.843,0.96,,76.902,1768.2,49.176,8.647,1.751,15.583,0.386,0.51
v2_random_forest_nt_elo,V2 sklearn Random Forest + NT Elo,True,Senegal,0.04,0.36,2.32,9.54,42.29,83.96,0.18,1.78,3.969,-0.271,,78.359,1787.2,35.677,4.319,0.477,15.682,0.279,0.5072
v2_random_forest_nt_elo,V2 sklearn Random Forest + NT Elo,True,Mexico,0.03,0.66,3.88,23.9,48.73,96.38,0.36,2.86,6.041,2.143,,76.638,1818.0,60.101,11.313,2.39,16.34,0.38,0.5179
v2_random_forest_nt_elo,V2 sklearn Random Forest + NT Elo,True,Ivory Coast,0.03,0.27,1.61,6.34,32.53,81.65,0.09,1.25,3.959,-0.091,,78.349,1684.1,40.437,6.141,1.009,14.946,0.265,0.4986
v2_random_forest_nt_elo,V2 sklearn Random Forest + NT Elo,True,Czech Republic,0.02,0.32,2.52,16.12,35.76,88.79,0.13,2.07,4.55,0.703,,77.599,1678.1,37.375,4.659,0.544,15.533,0.399,0.5135
v2_random_forest_nt_elo,V2 sklearn Random Forest + NT Elo,True,Sweden,0.01,0.51,2.51,8.23,19.34,84.86,0.2,1.8,4.106,0.054,,79.288,1681.0,31.236,3.441,0.344,14.651,0.332,0.4893
v2_random_forest_nt_elo,V2 sklearn Random Forest + NT Elo,True,Canada,0.01,0.14,1.17,8.95,36.91,91.29,0.08,0.95,5.158,1.202,,76.268,1741.5,40.625,5.675,0.813,15.204,0.32,0.4986
v2_random_forest_nt_elo,V2 sklearn Random Forest + NT Elo,True,Japan,0.01,0.13,0.99,5.2,14.01,77.84,0.01,0.85,3.848,-0.345,,77.136,1794.3,29.233,3.284,0.341,13.959,0.233,0.4801
v2_random_forest_nt_elo,V2 sklearn Random Forest + NT Elo,True,Algeria,0.01,0.07,0.4,2.46,13.33,85.87,0.02,0.31,4.206,0.016,,77.912,1707.8,47.986,9.353,2.061,14.062,0.278,0.4826
v2_random_forest_nt_elo,V2 sklearn Random Forest + NT Elo,True,Uruguay,0.01,0.06,0.59,4.02,18.44,95.18,0.15,0.38,5.232,1.113,,79.361,1809.6,41.001,6.147,1.031,14.502,0.266,0.4922
v2_random_forest_nt_elo,V2 sklearn Random Forest + NT Elo,True,Colombia,0.01,0.05,0.63,6.03,37.0,92.26,0.11,0.47,4.891,0.83,,79.533,1836.6,41.808,6.164,1.033,15.219,0.322,0.5025
v2_random_forest_nt_elo,V2 sklearn Random Forest + NT Elo,True,Austria,0.0,0.11,0.82,3.46,17.25,83.41,0.08,0.63,3.963,-0.205,,78.195,1756.9,33.04,3.883,0.392,14.277,0.244,0.4836
v2_random_forest_nt_elo,V2 sklearn Random Forest + NT Elo,True,Scotland,0.0,0.1,0.81,5.16,12.13,66.85,0.07,0.64,3.151,-1.027,,77.079,1704.1,29.352,3.482,0.373,13.639,0.241,0.4769
v2_random_forest_nt_elo,V2 sklearn Random Forest + NT Elo,True,Ecuador,0.0,0.07,0.61,3.87,22.36,80.05,0.05,0.49,3.881,-0.217,,76.29,1762.4,33.945,4.15,0.482,14.312,0.22,0.4835
v2_random_forest_nt_elo,V2 sklearn Random Forest + NT Elo,True,DR Congo,0.0,0.01,0.06,0.76,7.75,68.27,0.02,0.03,3.194,-1.088,,76.345,1646.7,32.211,4.998,0.977,13.321,0.254,0.4622
v2_random_forest_nt_elo,V2 sklearn Random Forest + NT Elo,True,Bosnia & Herzegovina,0.0,0.01,0.18,1.81,9.8,59.08,0.02,0.15,2.973,-1.101,,74.401,1615.9,34.96,5.56,1.007,13.05,0.263,0.4563
v2_random_forest_nt_elo,V2 sklearn Random Forest + NT Elo,True,Ghana,0.0,0.0,0.02,0.45,6.83,55.72,0.0,0.02,2.697,-1.763,,75.958,1614.0,32.257,4.694,0.686,12.961,0.201,0.4616
v2_random_forest_nt_elo,V2 sklearn Random Forest + NT Elo,True,Paraguay,0.0,0.0,0.12,1.6,11.22,50.23,0.01,0.11,2.602,-1.549,,73.804,1693.7,26.077,3.158,0.373,12.799,0.239,0.454
v2_random_forest_nt_elo,V2 sklearn Random Forest + NT Elo,True,Egypt,0.0,0.0,0.15,1.17,12.7,81.41,0.0,0.15,4.2,-0.168,,73.379,1711.6,29.806,4.243,0.757,13.827,0.297,0.479
v2_random_forest_nt_elo,V2 sklearn Random Forest + NT Elo,True,Tunisia,0.0,0.0,0.01,0.08,0.61,7.6,0.0,0.01,0.881,-3.708,,72.429,1690.4,27.953,5.606,1.383,11.286,0.127,0.4183
v2_random_forest_nt_elo,V2 sklearn Random Forest + NT Elo,True,Cape Verde,0.0,0.0,0.01,0.12,1.4,27.13,0.0,0.01,1.754,-2.764,,72.176,1621.5,37.999,7.789,1.793,11.802,0.15,0.4279
v2_random_forest_nt_elo,V2 sklearn Random Forest + NT Elo,True,Haiti,0.0,0.0,0.01,0.08,0.39,8.72,0.0,0.01,0.915,-3.698,,71.95,1594.0,28.421,5.005,1.026,11.326,0.127,0.4139
v2_random_forest_nt_elo,V2 sklearn Random Forest + NT Elo,True,Qatar,0.0,0.0,0.0,0.22,1.81,18.98,0.0,0.0,1.44,-2.797,,71.852,1658.9,26.816,4.264,0.84,11.514,0.189,0.4286
v2_random_forest_nt_elo,V2 sklearn Random Forest + NT Elo,True,Saudi Arabia,0.0,0.0,0.01,0.14,1.65,27.81,0.0,0.01,1.748,-2.654,,71.799,1637.7,19.512,2.14,0.271,11.788,0.152,0.4343
v2_random_forest_nt_elo,V2 sklearn Random Forest + NT Elo,True,Iran,0.0,0.0,0.03,0.45,5.59,51.03,0.0,0.03,2.667,-1.752,,71.785,1780.6,28.512,4.059,0.687,12.671,0.253,0.4475
v2_random_forest_nt_elo,V2 sklearn Random Forest + NT Elo,True,New Zealand,0.0,0.0,0.01,0.15,2.26,23.53,0.0,0.01,1.615,-2.731,,71.455,1590.9,30.163,5.252,1.064,11.669,0.198,0.4329
v2_random_forest_nt_elo,V2 sklearn Random Forest + NT Elo,True,Australia,0.0,0.0,0.01,0.19,2.46,17.57,0.0,0.01,1.395,-2.873,,71.148,1746.4,34.948,6.322,1.202,11.499,0.131,0.4214
v2_random_forest_nt_elo,V2 sklearn Random Forest + NT Elo,True,Uzbekistan,0.0,0.0,0.0,0.0,0.35,7.27,0.0,0.0,0.822,-3.893,,70.991,1661.4,24.193,4.007,0.849,11.315,0.135,0.4167
v2_random_forest_nt_elo,V2 sklearn Random Forest + NT Elo,True,Curacao,0.0,0.0,0.01,0.02,0.4,6.73,0.01,0.0,0.864,-3.703,,70.971,1597.1,37.805,7.829,1.749,11.219,0.109,0.4125
v2_random_forest_nt_elo,V2 sklearn Random Forest + NT Elo,True,Panama,0.0,0.0,0.0,0.01,0.35,7.66,0.0,0.0,0.846,-3.884,,70.116,1727.8,20.251,2.393,0.303,11.319,0.112,0.4142
v2_random_forest_nt_elo,V2 sklearn Random Forest + NT Elo,True,Jordan,0.0,0.0,0.0,0.01,0.24,4.77,0.0,0.0,0.655,-4.167,,69.605,1625.3,16.756,1.566,0.129,11.321,0.124,0.414
v2_random_forest_nt_elo,V2 sklearn Random Forest + NT Elo,True,Iraq,0.0,0.0,0.0,0.01,0.23,3.07,0.0,0.0,0.567,-4.432,,69.319,1642.1,24.993,3.972,0.757,11.313,0.109,0.4141
v2_random_forest_nt_elo,V2 sklearn Random Forest + NT Elo,True,South Africa,0.0,0.0,0.0,0.01,0.34,6.36,0.0,0.0,0.821,-3.806,,68.67,1635.6,19.973,2.282,0.28,11.28,0.163,0.4123
v2_random_forest_squad_proxy_legacy,V2 sklearn Random Forest + squad-proxy Elo legacy,False,France,28.37,42.47,60.62,81.78,95.96,99.91,12.93,5.22,8.088,4.687,,87.667,2108.3,60.719,7.038,0.707,23.299,0.708,0.6108
v2_random_forest_squad_proxy_legacy,V2 sklearn Random Forest + squad-proxy Elo legacy,False,Spain,14.38,27.65,48.49,75.62,93.89,99.9,13.24,7.6,7.992,4.465,,86.482,2066.9,54.467,6.203,0.664,22.46,0.584,0.6065
v2_random_forest_squad_proxy_legacy,V2 sklearn Random Forest + squad-proxy Elo legacy,False,England,12.73,25.63,46.47,74.83,94.27,99.93,12.35,8.49,8.002,4.545,,86.03,2051.1,54.94,6.189,0.63,22.235,0.634,0.6013
v2_random_forest_squad_proxy_legacy,V2 sklearn Random Forest + squad-proxy Elo legacy,False,Brazil,11.55,23.22,43.59,72.42,93.59,99.82,11.86,8.51,7.802,4.151,,85.799,2043.0,60.141,8.454,1.42,22.068,0.575,0.6016
v2_random_forest_squad_proxy_legacy,V2 sklearn Random Forest + squad-proxy Elo legacy,False,Germany,10.88,22.91,43.99,73.12,93.85,99.88,12.23,8.85,7.951,4.364,,85.793,2042.7,56.631,6.717,0.75,22.094,0.589,0.6036
v2_random_forest_squad_proxy_legacy,V2 sklearn Random Forest + squad-proxy Elo legacy,False,Portugal,9.03,20.01,40.29,70.16,92.71,99.92,10.92,9.36,7.946,4.443,,85.606,2036.2,52.648,6.228,0.703,21.709,0.569,0.5968
v2_random_forest_squad_proxy_legacy,V2 sklearn Random Forest + squad-proxy Elo legacy,False,Argentina,7.45,17.26,38.26,70.75,93.75,99.91,10.6,10.4,8.01,4.53,,85.311,2025.9,64.079,8.575,1.113,21.563,0.607,0.5921
v2_random_forest_squad_proxy_legacy,V2 sklearn Random Forest + squad-proxy Elo legacy,False,Netherlands,3.83,11.8,30.69,63.93,91.27,99.84,7.83,11.06,7.819,4.156,,84.743,2006.0,50.035,5.676,0.591,20.814,0.529,0.5863
v2_random_forest_squad_proxy_legacy,V2 sklearn Random Forest + squad-proxy Elo legacy,False,Belgium,1.6,6.62,23.72,60.14,90.05,99.9,5.55,11.55,8.107,4.695,,83.29,1955.2,44.547,4.811,0.487,20.16,0.561,0.5775
v2_random_forest_squad_proxy_legacy,V2 sklearn Random Forest + squad-proxy Elo legacy,False,Croatia,0.05,0.46,3.38,15.24,59.85,96.44,0.42,2.5,5.361,1.272,,81.111,1878.9,44.727,6.972,1.24,16.635,0.383,0.5259
v2_random_forest_squad_proxy_legacy,V2 sklearn Random Forest + squad-proxy Elo legacy,False,Norway,0.05,0.21,1.94,9.55,41.14,92.04,0.32,1.41,4.515,0.457,,80.066,1842.3,38.213,4.997,0.695,15.667,0.393,0.5107
v2_random_forest_squad_proxy_legacy,V2 sklearn Random Forest + squad-proxy Elo legacy,False,Colombia,0.03,0.13,1.33,8.28,40.84,91.63,0.09,1.11,4.835,0.733,,79.533,1823.7,42.3,6.242,1.044,15.486,0.327,0.509
v2_random_forest_squad_proxy_legacy,V2 sklearn Random Forest + squad-proxy Elo legacy,False,Switzerland,0.02,0.4,3.11,19.24,63.67,98.46,0.33,2.38,6.803,2.877,,79.682,1828.9,42.709,5.371,0.639,16.534,0.363,0.5321
v2_random_forest_squad_proxy_legacy,V2 sklearn Random Forest + squad-proxy Elo legacy,False,Morocco,0.02,0.2,1.53,9.57,41.66,89.61,0.08,1.25,4.646,0.594,,79.858,1835.0,39.44,5.952,1.121,15.472,0.279,0.5056
v2_random_forest_squad_proxy_legacy,V2 sklearn Random Forest + squad-proxy Elo legacy,False,Turkey,0.01,0.34,3.6,20.27,65.38,98.15,0.52,2.74,6.437,2.586,,80.267,1849.4,44.959,6.748,1.257,16.69,0.391,0.5331
v2_random_forest_squad_proxy_legacy,V2 sklearn Random Forest + squad-proxy Elo legacy,False,Uruguay,0.0,0.14,1.47,9.36,46.38,95.55,0.13,1.2,5.323,1.227,,79.361,1817.6,44.922,6.704,1.108,15.827,0.282,0.5151
v2_random_forest_squad_proxy_legacy,V2 sklearn Random Forest + squad-proxy Elo legacy,False,United States,0.0,0.1,1.43,11.6,51.1,97.54,0.16,1.17,6.128,2.266,,78.493,1787.2,40.662,5.301,0.677,15.787,0.349,0.5159
v2_random_forest_squad_proxy_legacy,V2 sklearn Random Forest + squad-proxy Elo legacy,False,Sweden,0.0,0.09,1.17,6.89,33.26,87.2,0.1,0.98,4.363,0.243,,79.288,1815.1,32.312,3.602,0.35,15.03,0.344,0.4963
v2_random_forest_squad_proxy_legacy,V2 sklearn Random Forest + squad-proxy Elo legacy,False,Senegal,0.0,0.09,0.74,5.02,24.2,82.59,0.08,0.57,3.852,-0.384,,78.359,1782.6,33.11,4.011,0.453,14.668,0.281,0.4911
v2_random_forest_squad_proxy_legacy,V2 sklearn Random Forest + squad-proxy Elo legacy,False,Ivory Coast,0.0,0.08,0.71,5.06,28.46,85.9,0.06,0.57,4.234,0.1,,78.349,1782.2,40.242,6.058,1.006,14.761,0.258,0.4951
v2_random_forest_squad_proxy_legacy,V2 sklearn Random Forest + squad-proxy Elo legacy,False,Austria,0.0,0.05,0.5,3.86,22.46,83.28,0.03,0.42,3.938,-0.225,,78.195,1776.8,33.667,3.934,0.411,14.469,0.251,0.4882
v2_random_forest_squad_proxy_legacy,V2 sklearn Random Forest + squad-proxy Elo legacy,False,Algeria,0.0,0.03,0.39,3.93,24.4,87.16,0.04,0.32,4.252,0.051,,77.912,1766.9,49.691,9.692,2.137,14.587,0.288,0.494
v2_random_forest_squad_proxy_legacy,V2 sklearn Random Forest + squad-proxy Elo legacy,False,Japan,0.0,0.03,0.22,2.35,16.17,75.16,0.01,0.18,3.616,-0.583,,77.136,1739.8,28.607,3.204,0.325,13.847,0.235,0.4786
v2_random_forest_squad_proxy_legacy,V2 sklearn Random Forest + squad-proxy Elo legacy,False,Mexico,0.0,0.02,0.44,4.87,34.62,95.01,0.01,0.41,5.717,1.853,,76.638,1722.3,54.403,10.266,2.18,14.834,0.35,0.4956
v2_random_forest_squad_proxy_legacy,V2 sklearn Random Forest + squad-proxy Elo legacy,False,Ecuador,0.0,0.02,0.19,2.08,14.82,75.8,0.03,0.14,3.62,-0.537,,76.29,1710.2,32.202,3.952,0.457,13.764,0.201,0.4754
v2_random_forest_squad_proxy_legacy,V2 sklearn Random Forest + squad-proxy Elo legacy,False,Czech Republic,0.0,0.01,0.6,5.47,34.45,92.68,0.0,0.59,4.967,1.164,,77.599,1756.0,36.653,4.556,0.521,14.976,0.366,0.503
v2_random_forest_squad_proxy_legacy,V2 sklearn Random Forest + squad-proxy Elo legacy,False,Scotland,0.0,0.01,0.28,2.46,14.63,70.8,0.02,0.25,3.369,-0.822,,77.079,1737.8,29.651,3.486,0.38,13.686,0.248,0.477
v2_random_forest_squad_proxy_legacy,V2 sklearn Random Forest + squad-proxy Elo legacy,False,DR Congo,0.0,0.01,0.12,1.55,10.65,73.94,0.0,0.11,3.418,-0.857,,76.345,1712.1,33.389,5.161,1.0,13.692,0.257,0.468
v2_random_forest_squad_proxy_legacy,V2 sklearn Random Forest + squad-proxy Elo legacy,False,Ghana,0.0,0.01,0.09,1.36,8.23,63.94,0.0,0.08,2.971,-1.463,,75.958,1698.5,33.393,4.917,0.725,13.353,0.208,0.4678
v2_random_forest_squad_proxy_legacy,V2 sklearn Random Forest + squad-proxy Elo legacy,False,South Korea,0.0,0.0,0.35,4.09,29.45,91.6,0.06,0.29,4.95,1.103,,76.902,1731.6,46.392,8.15,1.647,14.659,0.342,0.4952
v2_random_forest_squad_proxy_legacy,V2 sklearn Random Forest + squad-proxy Elo legacy,False,Canada,0.0,0.0,0.18,2.95,24.84,90.75,0.0,0.18,4.993,1.036,,76.268,1709.4,38.358,5.318,0.766,14.399,0.297,0.4866
v2_random_forest_squad_proxy_legacy,V2 sklearn Random Forest + squad-proxy Elo legacy,False,Bosnia & Herzegovina,0.0,0.0,0.02,0.73,6.98,62.26,0.0,0.02,3.143,-0.908,,74.401,1644.0,34.853,5.484,0.999,12.938,0.248,0.4555
v2_random_forest_squad_proxy_legacy,V2 sklearn Random Forest + squad-proxy Elo legacy,False,Paraguay,0.0,0.0,0.03,0.33,3.73,49.8,0.0,0.03,2.581,-1.688,,73.804,1623.1,25.088,2.96,0.349,12.514,0.225,0.4501
v2_random_forest_squad_proxy_legacy,V2 sklearn Random Forest + squad-proxy Elo legacy,False,Egypt,0.0,0.0,0.05,0.75,11.05,84.33,0.0,0.05,4.364,-0.006,,73.379,1608.3,29.695,4.211,0.747,13.804,0.291,0.4792
v2_random_forest_squad_proxy_legacy,V2 sklearn Random Forest + squad-proxy Elo legacy,False,Tunisia,0.0,0.0,0.0,0.0,0.32,6.63,0.0,0.0,0.836,-3.816,,72.429,1575.0,27.793,5.599,1.364,11.271,0.12,0.4194
v2_random_forest_squad_proxy_legacy,V2 sklearn Random Forest + squad-proxy Elo legacy,False,Cape Verde,0.0,0.0,0.01,0.07,0.93,25.92,0.0,0.01,1.763,-2.847,,72.176,1566.1,37.691,7.65,1.748,11.769,0.145,0.4277
v2_random_forest_squad_proxy_legacy,V2 sklearn Random Forest + squad-proxy Elo legacy,False,Haiti,0.0,0.0,0.0,0.01,0.25,7.28,0.0,0.0,0.83,-3.922,,71.95,1558.2,28.077,4.954,1.02,11.333,0.127,0.4149
v2_random_forest_squad_proxy_legacy,V2 sklearn Random Forest + squad-proxy Elo legacy,False,Qatar,0.0,0.0,0.0,0.04,0.77,16.0,0.0,0.0,1.311,-3.005,,71.852,1554.8,26.292,4.203,0.817,11.399,0.19,0.4267
v2_random_forest_squad_proxy_legacy,V2 sklearn Random Forest + squad-proxy Elo legacy,False,Saudi Arabia,0.0,0.0,0.0,0.04,0.89,24.53,0.0,0.0,1.649,-2.845,,71.799,1553.0,19.204,2.12,0.261,11.699,0.152,0.4333
v2_random_forest_squad_proxy_legacy,V2 sklearn Random Forest + squad-proxy Elo legacy,False,Iran,0.0,0.0,0.0,0.1,2.24,43.65,0.0,0.0,2.376,-2.083,,71.785,1552.5,27.496,3.901,0.649,12.302,0.237,0.4416
v2_random_forest_squad_proxy_legacy,V2 sklearn Random Forest + squad-proxy Elo legacy,False,New Zealand,0.0,0.0,0.0,0.04,1.28,26.96,0.0,0.0,1.766,-2.606,,71.455,1540.9,30.516,5.343,1.069,11.721,0.2,0.4337
v2_random_forest_squad_proxy_legacy,V2 sklearn Random Forest + squad-proxy Elo legacy,False,Australia,0.0,0.0,0.0,0.06,0.7,13.72,0.0,0.0,1.225,-3.163,,71.148,1530.2,34.276,6.193,1.161,11.371,0.13,0.4185
v2_random_forest_squad_proxy_legacy,V2 sklearn Random Forest + squad-proxy Elo legacy,False,Uzbekistan,0.0,0.0,0.0,0.0,0.14,4.66,0.0,0.0,0.65,-4.318,,70.991,1524.7,23.654,3.892,0.81,11.338,0.139,0.418
v2_random_forest_squad_proxy_legacy,V2 sklearn Random Forest + squad-proxy Elo legacy,False,Curacao,0.0,0.0,0.0,0.01,0.22,5.78,0.0,0.0,0.792,-3.927,,70.971,1524.0,37.04,7.708,1.703,11.243,0.117,0.4146
v2_random_forest_squad_proxy_legacy,V2 sklearn Random Forest + squad-proxy Elo legacy,False,Panama,0.0,0.0,0.0,0.0,0.14,4.23,0.0,0.0,0.631,-4.354,,70.116,1494.1,19.622,2.368,0.306,11.322,0.109,0.4153
v2_random_forest_squad_proxy_legacy,V2 sklearn Random Forest + squad-proxy Elo legacy,False,Jordan,0.0,0.0,0.0,0.0,0.1,3.46,0.0,0.0,0.597,-4.356,,69.605,1476.2,16.54,1.56,0.135,11.309,0.119,0.415
v2_random_forest_squad_proxy_legacy,V2 sklearn Random Forest + squad-proxy Elo legacy,False,Iraq,0.0,0.0,0.0,0.01,0.07,2.23,0.0,0.0,0.478,-4.76,,69.319,1466.2,24.819,4.021,0.759,11.369,0.108,0.4155
v2_random_forest_squad_proxy_legacy,V2 sklearn Random Forest + squad-proxy Elo legacy,False,South Africa,0.0,0.0,0.0,0.01,0.19,4.32,0.0,0.0,0.69,-4.12,,68.67,1443.5,19.71,2.286,0.261,11.293,0.162,0.4145
