team,primitive_eafc_poisson,v2_heuristic_nt_elo,v2_random_forest_nt_elo,v2_random_forest_squad_proxy_legacy,primary_average_champion_pct,all_model_range_pct
France,12.5,19.09,19.46,28.37,17.016666666666666,15.870000000000001
Brazil,8.42,19.23,20.09,11.55,15.913333333333332,11.67
Germany,8.11,18.3,19.75,10.88,15.386666666666665,11.64
Spain,10.26,18.18,17.11,14.38,15.183333333333332,7.92
Argentina,7.67,8.52,6.93,7.45,7.706666666666666,1.5899999999999999
England,8.55,5.16,6.76,12.73,6.823333333333333,7.57
Portugal,8.39,4.36,4.35,9.03,5.7,4.68
Netherlands,6.17,4.3,3.38,3.83,4.616666666666666,2.79
Belgium,4.47,1.39,1.1,1.6,2.32,3.3699999999999997
Turkey,2.13,0.3,0.25,0.01,0.8933333333333332,2.12
Croatia,2.54,0.05,0.06,0.05,0.8833333333333333,2.49
Switzerland,1.55,0.17,0.24,0.02,0.6533333333333333,1.53
Morocco,1.72,0.15,0.08,0.02,0.65,1.7
Norway,1.59,0.11,0.13,0.05,0.61,1.54
Uruguay,1.6,0.03,0.01,0.0,0.5466666666666667,1.6
Colombia,1.52,0.04,0.01,0.03,0.5233333333333333,1.51
United States,1.16,0.15,0.09,0.0,0.4666666666666666,1.16
Sweden,1.28,0.1,0.01,0.0,0.4633333333333334,1.28
Austria,1.15,0.02,0.0,0.0,0.38999999999999996,1.15
Ivory Coast,1.02,0.03,0.03,0.0,0.36000000000000004,1.02
Czech Republic,1.0,0.05,0.02,0.0,0.3566666666666667,1.0
Algeria,0.98,0.01,0.01,0.0,0.3333333333333333,0.98
Senegal,0.94,0.02,0.04,0.0,0.3333333333333333,0.94
Mexico,0.62,0.18,0.03,0.0,0.27666666666666667,0.62
Scotland,0.63,0.0,0.0,0.0,0.21,0.63
Canada,0.55,0.0,0.01,0.0,0.18666666666666668,0.55
Japan,0.54,0.0,0.01,0.0,0.18333333333333335,0.54
South Korea,0.44,0.03,0.04,0.0,0.17,0.44
Ecuador,0.42,0.03,0.0,0.0,0.15,0.42
Ghana,0.45,0.0,0.0,0.0,0.15,0.45
DR Congo,0.32,0.0,0.0,0.0,0.10666666666666667,0.32
Bosnia & Herzegovina,0.28,0.0,0.0,0.0,0.09333333333333334,0.28
Paraguay,0.26,0.0,0.0,0.0,0.08666666666666667,0.26
Egypt,0.13,0.0,0.0,0.0,0.043333333333333335,0.13
Saudi Arabia,0.1,0.0,0.0,0.0,0.03333333333333333,0.1
Iran,0.09,0.0,0.0,0.0,0.03,0.09
Tunisia,0.08,0.0,0.0,0.0,0.02666666666666667,0.08
New Zealand,0.06,0.0,0.0,0.0,0.02,0.06
Australia,0.06,0.0,0.0,0.0,0.02,0.06
Cape Verde,0.04,0.0,0.0,0.0,0.013333333333333334,0.04
Uzbekistan,0.04,0.0,0.0,0.0,0.013333333333333334,0.04
Qatar,0.04,0.0,0.0,0.0,0.013333333333333334,0.04
South Africa,0.04,0.0,0.0,0.0,0.013333333333333334,0.04
Haiti,0.04,0.0,0.0,0.0,0.013333333333333334,0.04
Jordan,0.02,0.0,0.0,0.0,0.006666666666666667,0.02
Curacao,0.01,0.0,0.0,0.0,0.0033333333333333335,0.01
Panama,0.01,0.0,0.0,0.0,0.0033333333333333335,0.01
Iraq,0.01,0.0,0.0,0.0,0.0033333333333333335,0.01
