model,bin,confidence_low,confidence_high,count,avg_confidence,accuracy,calibration_gap,ece_contribution
random_forest,1,0.0,0.1,0,,,,0.0
random_forest,2,0.1,0.2,0,,,,0.0
random_forest,3,0.2,0.3,0,,,,0.0
random_forest,4,0.3,0.4,119,0.381227720812399,0.42857142857142855,0.047343707759029574,0.003329728855392742
random_forest,5,0.4,0.5,369,0.4435260441024848,0.39295392953929537,0.05057211456318944,0.011029024984525357
random_forest,6,0.5,0.6,303,0.5524091570964768,0.693069306930693,0.14066014983421626,0.025189140307191212
random_forest,7,0.6,0.7,413,0.6507839983030143,0.7409200968523002,0.09013609854928595,0.022001305378755966
random_forest,8,0.7,0.8,315,0.7465046343515535,0.8539682539682539,0.10746361961670048,0.020006524928641047
random_forest,9,0.8,0.9,162,0.8388428764028054,0.8888888888888888,0.050046012486083424,0.004791639493348413
random_forest,10,0.9,1.0,11,0.909960686942081,0.9090909090909091,0.0008697778511719267,5.654584138824583e-06
extra_trees,1,0.0,0.1,0,,,,0.0
extra_trees,2,0.1,0.2,0,,,,0.0
extra_trees,3,0.2,0.3,0,,,,0.0
extra_trees,4,0.3,0.4,54,0.38410298401447185,0.42592592592592593,0.04182294191145408,0.0013347747418549173
extra_trees,5,0.4,0.5,611,0.4466458256875527,0.42225859247135844,0.024387233216194237,0.008806500883625697
extra_trees,6,0.5,0.6,371,0.5504858887203704,0.7412398921832885,0.19075400346291804,0.041826084683654015
extra_trees,7,0.6,0.7,360,0.6460591098986306,0.8138888888888889,0.1678297789902583,0.035708463614948574
extra_trees,8,0.7,0.8,222,0.7434767454775003,0.8828828828828829,0.13940613740538255,0.018290876184394164
extra_trees,9,0.8,0.9,73,0.8300067027473714,0.9452054794520548,0.11519877670468337,0.004970159987849814
extra_trees,10,0.9,1.0,1,0.9019399280865437,1.0,0.09806007191345634,5.795512524435954e-05
hist_gradient_boosting,1,0.0,0.1,0,,,,0.0
hist_gradient_boosting,2,0.1,0.2,0,,,,0.0
hist_gradient_boosting,3,0.2,0.3,0,,,,0.0
hist_gradient_boosting,4,0.3,0.4,41,0.37604996581091477,0.3170731707317073,0.058976795079207445,0.001429106736552899
hist_gradient_boosting,5,0.4,0.5,198,0.4555712302097064,0.46464646464646464,0.009075234436758228,0.0010619955191951119
hist_gradient_boosting,6,0.5,0.6,217,0.5507688053593744,0.5714285714285714,0.02065976606919695,0.002649627208638143
hist_gradient_boosting,7,0.6,0.7,238,0.6544281756372394,0.6176470588235294,0.03678111681370999,0.005173703192472209
hist_gradient_boosting,8,0.7,0.8,299,0.7524099913007313,0.6889632107023411,0.06344678059839015,0.011211931086831356
hist_gradient_boosting,9,0.8,0.9,399,0.8501877944458341,0.7994987468671679,0.05068904757866621,0.011953268311990436
hist_gradient_boosting,10,0.9,1.0,300,0.9420859037537201,0.8833333333333333,0.05875257042038684,0.010417122414962206
logistic_l2,1,0.0,0.1,0,,,,0.0
logistic_l2,2,0.1,0.2,0,,,,0.0
logistic_l2,3,0.2,0.3,0,,,,0.0
logistic_l2,4,0.3,0.4,56,0.3747941459030305,0.3392857142857143,0.035508431617316205,0.0011752199589655482
logistic_l2,5,0.4,0.5,621,0.457204859934558,0.38808373590982287,0.06912112402473514,0.025368923179291087
logistic_l2,6,0.5,0.6,383,0.5418085474627714,0.660574412532637,0.11876586506986564,0.026883762601512137
logistic_l2,7,0.6,0.7,243,0.6491877665533908,0.7942386831275721,0.14505091657418123,0.020831780571823902
logistic_l2,8,0.7,0.8,208,0.7483937706811119,0.8798076923076923,0.1314139216265804,0.01615490289499333
logistic_l2,9,0.8,0.9,147,0.8452207216896301,0.9115646258503401,0.06634390416071001,0.005763920751551047
logistic_l2,10,0.9,1.0,34,0.9162537750373737,0.9411764705882353,0.024922695550861573,0.0005008106670976912
calibrated_logistic_sigmoid,1,0.0,0.1,0,,,,0.0
calibrated_logistic_sigmoid,2,0.1,0.2,0,,,,0.0
calibrated_logistic_sigmoid,3,0.2,0.3,0,,,,0.0
calibrated_logistic_sigmoid,4,0.3,0.4,15,0.38987094552464846,0.3333333333333333,0.056537612191315145,0.0005012199662350633
calibrated_logistic_sigmoid,5,0.4,0.5,266,0.454412433001029,0.37969924812030076,0.07471318488072826,0.011745689821674773
calibrated_logistic_sigmoid,6,0.5,0.6,287,0.5471988083518399,0.6376306620209059,0.09043185366906603,0.015339209221644178
calibrated_logistic_sigmoid,7,0.6,0.7,361,0.6516209666074191,0.6703601108033241,0.018739144195905055,0.003998127100899365
calibrated_logistic_sigmoid,8,0.7,0.8,488,0.7525419839372364,0.7971311475409836,0.044589163603747206,0.012860231583113852
calibrated_logistic_sigmoid,9,0.8,0.9,275,0.8366273110061768,0.9127272727272727,0.0760999617210959,0.012368492596513814
calibrated_logistic_sigmoid,10,0.9,1.0,0,,,,0.0
weighted_validation_ensemble,1,0.0,0.1,0,,,,0.0
weighted_validation_ensemble,2,0.1,0.2,0,,,,0.0
weighted_validation_ensemble,3,0.2,0.3,0,,,,0.0
weighted_validation_ensemble,4,0.3,0.4,188,0.37695251830625476,0.3829787234042553,0.006026205098000559,0.0006695783442222842
weighted_validation_ensemble,5,0.4,0.5,274,0.44423893534398545,0.48905109489051096,0.04481215954652551,0.007256815434839238
weighted_validation_ensemble,6,0.5,0.6,279,0.5511640300420155,0.6738351254480287,0.12267109540601318,0.02022768062545962
weighted_validation_ensemble,7,0.6,0.7,394,0.6505132281070123,0.733502538071066,0.08298930996405374,0.019324933880518425
weighted_validation_ensemble,8,0.7,0.8,346,0.7477438922766038,0.8439306358381503,0.09618674356154655,0.01966939318693564
weighted_validation_ensemble,9,0.8,0.9,201,0.842986024917486,0.9104477611940298,0.06746173627654384,0.008014071508029144
weighted_validation_ensemble,10,0.9,1.0,10,0.9093807316099942,1.0,0.09061926839000578,0.0005355748722813581
