model,feature,permutation_importance_neg_log_loss_drop,std,error
extra_trees,squad_rating_diff,0.04939676288847561,0.0030340955447142326,
extra_trees,possession_diff,0.02832100038319374,0.0015238858673429778,
extra_trees,attack_vs_defense,0.02504710345927874,0.002455008997652941,
extra_trees,defense_vs_attack,0.022284805003524588,0.0024186274957083143,
extra_trees,midfield_diff,0.01766359490207492,8.170168195442695e-05,
extra_trees,gk_diff,0.01270652438950337,0.0007903492870824369,
extra_trees,elo_diff,0.011738112072791518,0.0005963589750985765,
extra_trees,stage_is_knockout,0.0065358873270977,0.000504932093920829,
extra_trees,allow_draw,0.004916337375962476,0.0005091959936787682,
extra_trees,match_day_index,0.0034372247760608987,0.000312287327048022,
extra_trees,lineup_replacements_diff,0.001284792982313765,0.0003673417890798225,
extra_trees,discipline_diff,0.0005604891414191515,0.00032930187019075685,
extra_trees,heat_index,0.00032818695141956233,0.00035207956110150374,
extra_trees,humidity,0.0003066362558623581,0.00013837590785170661,
extra_trees,travel_diff,0.00029301744011256403,0.00012584763207013072,
extra_trees,venue_altitude_km,0.00025896944963121893,0.0005477587833625508,
extra_trees,altitude_factor,0.00019282592122438214,3.337165325678626e-05,
extra_trees,fatigue_diff,0.00018960593445349616,0.0003627655619461434,
extra_trees,host_diff,1.492905161154523e-05,0.00022824845850438757,
extra_trees,rest_diff,-0.00026469088336011914,0.0004432199618378263,
extra_trees,data_confidence_diff,-0.00035304114890305494,2.880487612599847e-06,
hist_gradient_boosting,squad_rating_diff,0.21419717058801413,0.01158223361401256,
hist_gradient_boosting,midfield_diff,0.03045058812125162,0.001462701945958711,
hist_gradient_boosting,stage_is_knockout,0.024092768726069025,0.0001136501943652668,
hist_gradient_boosting,attack_vs_defense,0.024031114406800613,0.0006468602351213937,
hist_gradient_boosting,elo_diff,0.01756647400518485,0.003685324185650707,
hist_gradient_boosting,possession_diff,0.01078867823089591,0.00227539822300038,
hist_gradient_boosting,gk_diff,0.010255108805169,0.0014011633330754947,
hist_gradient_boosting,defense_vs_attack,0.007278412454599481,0.0033688803785099086,
hist_gradient_boosting,rest_diff,0.0016982354331902538,0.0005890148198757217,
hist_gradient_boosting,data_confidence_diff,0.0013137363957624881,0.0009197878293314421,
hist_gradient_boosting,lineup_replacements_diff,0.0011861123361134318,0.00022191296412343853,
hist_gradient_boosting,host_diff,0.0004274241409939483,4.823111000618052e-05,
hist_gradient_boosting,humidity,0.00036465387624751155,0.004512396741591096,
hist_gradient_boosting,match_day_index,0.00018023429105534783,0.0001343629393755763,
hist_gradient_boosting,allow_draw,8.133197082271781e-05,0.00035860336763082756,
hist_gradient_boosting,altitude_factor,3.09040738721289e-05,4.94769895204028e-06,
hist_gradient_boosting,travel_diff,-0.0012502135456876617,0.00011702398107837908,
hist_gradient_boosting,venue_altitude_km,-0.0017190798776318128,0.00024153544112875958,
hist_gradient_boosting,discipline_diff,-0.003091713411874364,0.0003775133018232846,
hist_gradient_boosting,heat_index,-0.004774012573723341,0.0005306694974435144,
hist_gradient_boosting,fatigue_diff,-0.0070943061847938416,0.0018605298492577194,
logistic_l2,squad_rating_diff,0.102752210146424,0.009289747169422768,
logistic_l2,attack_vs_defense,0.04319366251785084,0.0010360046690752744,
logistic_l2,defense_vs_attack,0.025931834709113588,0.003515696276559177,
logistic_l2,midfield_diff,0.022116968295308348,0.0019996264412908693,
logistic_l2,elo_diff,0.017514699210100737,0.0019714109610626807,
logistic_l2,gk_diff,0.013121656483724653,0.0010940238440803052,
logistic_l2,possession_diff,0.010614610024462123,1.5462767760821006e-05,
logistic_l2,stage_is_knockout,0.005944426076510301,0.0014355052050222805,
logistic_l2,allow_draw,0.005944426076510301,0.0014355052050222805,
logistic_l2,travel_diff,0.0032694164547965032,0.0010363843567454678,
logistic_l2,match_day_index,0.003055030795759639,0.0014448292513189465,
logistic_l2,humidity,0.002711854204765829,0.0008346905480882683,
logistic_l2,host_diff,0.0014239964504508817,0.0005174204590496778,
logistic_l2,lineup_replacements_diff,0.0009362185965972047,0.00027327968278456627,
logistic_l2,heat_index,0.0007203408907083819,0.0005484686849218656,
logistic_l2,altitude_factor,0.0006697476488053966,9.758336538495671e-05,
logistic_l2,data_confidence_diff,0.0005680929774838916,6.291873877212195e-05,
logistic_l2,discipline_diff,0.0004884949497026003,0.0006765488475829473,
logistic_l2,rest_diff,-6.139176957054016e-05,0.0003334718948156956,
logistic_l2,fatigue_diff,-0.00015516376693069933,0.00019044192346462374,
logistic_l2,venue_altitude_km,-0.001379267401230122,0.00043522424579373054,
random_forest,squad_rating_diff,0.061896907254862854,0.003428129104877109,
random_forest,attack_vs_defense,0.029612453412599438,0.0020185667363415982,
random_forest,possession_diff,0.021619335170074527,0.0023689273848411796,
random_forest,defense_vs_attack,0.017569712349068678,0.0025334682796267494,
random_forest,midfield_diff,0.012466374979269279,0.001720600821602969,
random_forest,elo_diff,0.008209342497312533,0.0006650207483308579,
random_forest,gk_diff,0.007524463954953209,0.0005707659754025096,
random_forest,humidity,0.003354200132683338,8.234892467540167e-06,
random_forest,allow_draw,0.0028006824045146983,0.0008810746632730293,
random_forest,match_day_index,0.0024468621755491804,6.626783240498701e-05,
random_forest,stage_is_knockout,0.0024197022738492446,0.00031014885516955637,
random_forest,heat_index,0.0017841871036097245,0.00019630274952653348,
random_forest,venue_altitude_km,0.0014800884780311607,0.0002867001440074457,
random_forest,travel_diff,0.0008099856043945475,0.0006389820476183083,
random_forest,lineup_replacements_diff,0.0004959938519946139,1.3356559687927039e-05,
random_forest,data_confidence_diff,0.00035790210215613794,0.00033654744303812656,
random_forest,rest_diff,0.00035307881771334815,2.2898021628081633e-05,
random_forest,discipline_diff,6.700342636040135e-05,0.00037685793308323,
random_forest,altitude_factor,1.5818777491405367e-05,3.117138526465002e-06,
random_forest,host_diff,-0.0005033142855266903,0.0001635046007330554,
random_forest,fatigue_diff,-0.0006271777058050598,0.0003003467025731177,
