team,players,avg_source_confidence,min_source_confidence,players_below_0_55_confidence,players_with_zero_minutes,avg_minutes,primary_sources,low_confidence_examples,zero_minutes_examples
Panama,26,0.5009115384615385,0.15,18,24,157.34615384615384,statbunker:18; wikipedia:4; transfermarkt:4,Luis Mejia; Cesar Blackman; Jose Cordoba; Fidel Escobar; Cristian Martinez; Jose Luis Rodriguez; Adalberto Carrasquilla; Ismael Diaz,Luis Mejia; Cesar Blackman; Jose Cordoba; Fidel Escobar; Edgardo Farina; Cristian Martinez; Jose Luis Rodriguez; Adalberto Carrasquilla
Senegal,26,0.5851923076923077,0.15,14,25,152.30769230769232,statbunker:24; wikipedia:1; transfermarkt:1,Yehvann Diouf; Mamadou Sarr; Kalidou Koulibaly; Abdoulaye Seck; Assane Diao; Bamba Dieng; Sadio Mane; Cherif Ndiaye,Yehvann Diouf; Mamadou Sarr; Kalidou Koulibaly; Abdoulaye Seck; Idrissa Gana Gueye; Pathe Ciss; Assane Diao; Lamine Camara
Mexico,26,0.6333346153846156,0.16,11,17,894.6538461538462,statbunker:15; transfermarkt:10; wikipedia:1,Jorge Sanchez; Cesar Montes; Johan Vasquez; Luis Romo; Alvaro Fidalgo; Israel Reyes; Orbelin Pineda; Obed Vargas,Jorge Sanchez; Cesar Montes; Edson Alvarez; Johan Vasquez; Luis Romo; Alvaro Fidalgo; Raul Jimenez; Santiago Gimenez
Scotland,26,0.6362769230769231,0.16,11,24,25.346153846153847,statbunker:23; transfermarkt:2; wikipedia:1,Angus Gunn; Tyler Fletcher; Che Adams; Liam Kelly; Jack Hendry; Ross Stewart; John Souttar; Dominic Hyam,Angus Gunn; Aaron Hickey; Andy Robertson; Scott McTominay; Grant Hanley; Kieran Tierney; John McGinn; Tyler Fletcher
Canada,26,0.6436653846153847,0.15,11,21,541.7307692307693,statbunker:17; transfermarkt:7; wikipedia:2,Dayne St. Clair; Stephen Eustaquio; Ismael Kone; Liam Millar; Derek Cornelius; Jacob Shaffelburg; Moise Bombito; Maxime Crepeau,Dayne St. Clair; Alistair Johnston; Alie Jones; Luc De Fougerolles; Joel Waterman; Stephen Eustaquio; Ismael Kone; Cyle Larin
Ivory Coast,26,0.6448692307692308,0.15,10,22,291.38461538461536,statbunker:19; transfermarkt:6; wikipedia:1,Yahia Fofana; Jean Michael Seri; Seko Fofana; Yan Diomande; Elye Wahi; Christopher Operi; Oumar Diakite; Guela Doue,Yahia Fofana; Ousmane Diomande; Ghislain Konan; Jean Michael Seri; Wilfried Singo; Seko Fofana; Odilon Kossounou; Simon Adingra
Czech Republic,26,0.64885,0.15,11,22,362.2692307692308,statbunker:19; transfermarkt:5; wikipedia:2,David Zima; Tomas Holes; Robin Hranac; Stepan Chaloupek; Jan Kuchta; Mojmir Chytil; Jindrich Stanek; Lukas Provod,Matej Kovar; David Zima; Tomas Holes; Robin Hranac; Vladimir Coufal; Stepan Chaloupek; Ladislav Krejci; Vladimir Darida
United States,26,0.6586461538461539,0.15,10,23,134.30769230769232,statbunker:19; transfermarkt:5; wikipedia:2,Sergino Dest; Auston Trusty; Ricardo Pepi; Christian Pulisic; Miles Robinson; Tim Ream; Cristian Roldan; Alex Freeman,Matt Turner; Sergino Dest; Chris Richards; Tyler Adams; Antonee Robinson; Auston Trusty; Giovanni Reyna; Weston McKennie
Australia,26,0.6691115384615386,0.15,11,14,997.7307692307693,transfermarkt:12; statbunker:11; wikipedia:3,Alessandro Circati; Mathew Leckie; Connor Metcalfe; Ajdin Hrustic; Cameron Devlin; Aziz Behich; Nestory Irankunda; Harry Souttar,Alessandro Circati; Jacob Italiano; Mathew Leckie; Connor Metcalfe; Ajdin Hrustic; Aiden Oneill; Cameron Devlin; Aziz Behich
Qatar,26,0.6695653846153846,0.15,12,22,165.46153846153845,statbunker:12; wikipedia:8; transfermarkt:4; manual_web_research:2,Jassem Gaber; Abdulaziz Hatem; Ahmed Alaaeldin; Mohammed Muntari; Akram Afif; Karim Boudiaf; Yusuf Abdurisag; Boualem Khoukhi,Issa Laye; Jassem Gaber; Abdulaziz Hatem; Ahmed Alaaeldin; Mohammed Muntari; Hassan Alhaydos; Akram Afif; Karim Boudiaf
Bosnia & Herzegovina,26,0.6739192307692308,0.15,9,19,697.4230769230769,statbunker:13; transfermarkt:7; wikipedia:6,Nikola Vasilj; Dennis Hadzikadunic; Tarik Muharemovic; Armin Gigovic; Ivan Sunjic; Amir Hadziahmetovic; Esmir Bajraktarevic; Haris Tabakovic,Nikola Vasilj; Nihad Mujakic; Dennis Hadzikadunic; Tarik Muharemovic; Sead Kolasinac; Amar Dedic; Armin Gigovic; Ermedin Demirovic
Ecuador,26,0.675003846153846,0.15,10,20,310.15384615384613,statbunker:16; transfermarkt:8; wikipedia:2,Hernan Galindez; Felix Torres; Jordy Alcivar; Kevin Rodriguez; Moises Ramirez; Jordy Caicedo; Gonzalo Plata; Nilson Angulo,Hernan Galindez; Felix Torres; Piero Hincapie; Joel Ordonez; Jordy Alcivar; Willian Pacho; Pervis Estupinan; Kendry Paez
Croatia,26,0.6916692307692306,0.15,10,22,202.6153846153846,statbunker:22; transfermarkt:4,Marin Pongracic; Josip Sutalo; Nikola Moro; Ivor Pandur; Martin Baturina; Kristijan Jakic; Igor Matanovic; Luka Vuskovic,Dominik Livakovic; Josip Stanisic; Marin Pongracic; Duje Caleta-Car; Josip Sutalo; Nikola Moro; Mateo Kovacic; Andrej Kramaric
Curacao,26,0.6937846153846153,0.15,9,14,671.6923076923077,transfermarkt:13; statbunker:10; wikipedia:3,Eloy Room; Shurandy Sambo; Sherel Floranus; Brandley Kuwas; Gervane Kastaneer; Joshua Brenet; Tahith Chong; Riechedly Bazoer,Eloy Room; Shurandy Sambo; Sherel Floranus; Jeremy Antonisse; Arjany Martha; Brandley Kuwas; Armando Obispo; Gervane Kastaneer
Colombia,26,0.6949346153846153,0.15,9,23,161.6153846153846,statbunker:21; transfermarkt:5,Jhon Lucumi; Richard Rios; Jhon Cordoba; Camilo Vargas; Gustavo Puerta; Juan Quintero; Deiver Machado; Alvaro Montero,David Ospina; Daniel Munoz; Jhon Lucumi; Santiago Arias; Richard Rios; Luis Diaz; Jhon Cordoba; James Rodriguez
Ghana,26,0.6953923076923076,0.16,10,17,816.7692307692307,statbunker:15; transfermarkt:10; wikipedia:1,Alidu Seidu; Abdul Mumin; Kwasi Sibo; Brandon Thomas-Asante; Gideon Mensah; Elisha Owusu; Augustine Boakye; Derrick Luckassen,Alidu Seidu; Jonas Adjetey; Thomas Partey; Abdul Mumin; Kwasi Sibo; Jordan Ayew; Brandon Thomas-Asante; Antoine Semenyo
Turkey,26,0.6962423076923077,0.2467,10,21,452.7307692307692,statbunker:19; transfermarkt:5; wikipedia:2,Zeki Celik; Merih Demiral; Caglar Soyuncu; Eren Elmali; Abdulkerim Bardakci; Ozan Kabak; Mert Muldur; Yunus Akgun,Zeki Celik; Merih Demiral; Caglar Soyuncu; Salih Ozcan; Orkun Kokcu; Kerem Akturkoglu; Arda Guler; Hakan Calhanoglu
Uruguay,26,0.7082653846153847,0.15,10,23,319.46153846153845,statbunker:20; transfermarkt:4; wikipedia:2,Sergio Rochet; Nicolas De La Cruz; Giorgian De Arrascaeta; Facundo Pellistri; Guillermo Varela; Agustin Canobbio; Matias Vina; Brian Rodriguez,Sergio Rochet; Jose Maria Gimenez; Sebastian Caceres; Ronald Araujo; Manuel Ugarte; Rodrigo Bentancur; Nicolas De La Cruz; Federico Valverde
Austria,26,0.7119653846153846,0.15,8,24,72.38461538461539,statbunker:22; wikipedia:2; transfermarkt:2,Xaver Schlager; Patrick Pentz; Sasa Kalajdzic; Carney Chukwuemeka; Romano Schmid; Patrick Wimmer; Alexander Prass; Paul Wanner,Alexander Schlager; David Affengruber; Kevin Danso; Xaver Schlager; Stefan Posch; Nicolas Seiwald; Marko Arnautovic; David Alaba
Japan,26,0.7175307692307692,0.15,8,19,495.9230769230769,statbunker:16; transfermarkt:8; wikipedia:2,Zion Suzuki; Daizen Maeda; Keito Nakamura; Junya Ito; Ayase Ueda; Takehiro Tomiyasu; Kaishu Sano; Junnosuke Suzuki,Zion Suzuki; Yukinari Sugawara; Kou Itakura; Yuto Nagatomo; Wataru Endo; Ao Tanaka; Takefusa Kubo; Ritsu Doan
Haiti,26,0.7266730769230769,0.15,8,20,455.38461538461536,transfermarkt:10; statbunker:10; wikipedia:5; manual_web_research:1,Carlens Arcus; Ricardo Ade; Derrick Etienne; Martin Experience; Duckens Nazon; Leverton Pierre; Josue Casimir; Jean-Kevin Duverne,Carlens Arcus; Keeto Thermoncy; Ricardo Ade; Hannes Delcroix; Carl Sainte; Derrick Etienne; Martin Experience; Duckens Nazon
Morocco,26,0.7336538461538461,0.15,8,19,748.6538461538462,statbunker:16; transfermarkt:7; manual_web_research:2; wikipedia:1,Yassine Bounou; Sofyan Amrabat; Ayyoub Bouaddi; Chadi Riad; Ayoub El Kaabi; Ahmed Reda Tagnaouti; Neil El Aynaoui; Anass Salah Eddine,Yassine Bounou; Achraf Hakimi; Noussair Mazraoui; Sofyan Amrabat; Nayef Aguerd; Ayyoub Bouaddi; Chemsdine Talbi; Souiane Rahimi
Sweden,26,0.740126923076923,0.16,8,21,199.6153846153846,statbunker:20; transfermarkt:6,Jacob Widell Zetterstrom; Daniel Svensson; Viktor Johansson; Hjalmar Ekdal; Jesper Karlstrom; Eric Smith; Alexander Bernhardsson; Gustaf Nilsson,Jacob Widell Zetterstrom; Victor Lindelof; Isak Hien; Gabriel Gudmundsson; Herman Johansson; Lucas Bergvall; Daniel Svensson; Alexander Isak
Algeria,26,0.7483192307692309,0.15,7,19,541.7692307692307,statbunker:11; transfermarkt:7; wikipedia:7; manual_web_research:1,Ramiz Zerrouki; Amine Gouiri; Anis Hadj Moussa; Jaouen Hadjam; Hicham Boudaoui; Mohamed Amoura; Ibrahim Maza,Aissa Mandi; Achraf Abada; Mohamed Amine Tougai; Zineddine Belaid; Ramiz Zerrouki; Amine Gouiri; Fares Chaibi; Anis Hadj Moussa
DR Congo,26,0.7687807692307691,0.15,6,15,1036.1538461538462,transfermarkt:12; statbunker:11; wikipedia:2; manual_web_research:1,Dylan Batubinsika; Nathanael Mbuku; Charles Pickel; Chancel Mbemba; Edo Kayembe; Arthur Masuaku,Lionel Mp Asi; Aaron Wan-Bissaka; Axel Tuanzebe; Dylan Batubinsika; Ngalayel Mukau; Nathanael Mbuku; Noah Sadiki; Cedric Bakambu
Paraguay,26,0.7751730769230769,0.15,5,26,0.0,statbunker:13; wikipedia:8; transfermarkt:5,Ramon Sosa; Braian Ojeda; Gabriel Avalos; Gaston Olveira; Matias Galarza,Gatito Fernandez; Gustavo Velazquez; Omar Alderete; Juan Jose Caceres; Fabian Balbuena; Junior Alonso; Ramon Sosa; Diego Gomez
Norway,26,0.7807076923076923,0.15,7,22,224.19230769230768,statbunker:20; transfermarkt:6,Leo Ostigard; Fredrik Andre Bjorkan; Marcus Holmgren Pedersen; Torbjorn Heggem; Kristian Thorstvedt; Antonio Nusa; Andreas Schjelderup,Orjan Nyland; Morten Thorsby; Kristoffer Ajer; Leo Ostigard; David Moller Wolfe; Patrick Berg; Alexander Sorloth; Sander Berge
Belgium,26,0.7811538461538462,0.1817,6,24,266.2692307692308,statbunker:24; transfermarkt:2,Zeno Debast; Koni De Winter; Diego Moreira; Alexis Saelemaekers; Nicolas Raskin; Matias Fernandez-Pardo,Thibaut Courtois; Zeno Debast; Arthur Theate; Brandon Mechele; Maxim De Cuyper; Axel Witsel; Kevin De Bruyne; Youri Tielemans
Switzerland,26,0.7848730769230768,0.2333,8,22,229.84615384615384,statbunker:22; transfermarkt:4,Yvon Mv Ogo; Ardon Jashari; Christian Fassnacht; Michel Aebischer; Marvin Keller; Fabian Rieder; Aurele Amenda; Cedric Itten,Gregor Kobel; Silvan Widmer; Nico Elvedi; Manuel Akanji; Denis Zakaria; Breel Embolo; Remo Freuler; Granit Xhaka
Tunisia,26,0.8026923076923076,0.15,5,18,342.84615384615387,wikipedia:10; transfermarkt:8; statbunker:7; sofascore:1,Ali Abdi; Elias Saad; Rani Khedira; Yan Valery; Anis Slimane,Mouhib Chamakh; Ali Abdi; Adam Arous; Elias Saad; Hazem Mastouri; Hannibal Mejbri; Rani Khedira; Khalil Ayari
New Zealand,26,0.8119846153846152,0.15,5,13,1019.6153846153846,transfermarkt:16; statbunker:6; wikipedia:4,Kosta Barbarouses; Ben Waine; Ben Old; Michael Woud; Tommy Smith,Michael Boxall; Joe Bell; Chris Wood; Elijah Just; Alex Paulsen; Nando Pijnaker; Kosta Barbarouses; Ben Waine
Argentina,26,0.8307076923076923,0.1817,6,26,0.0,statbunker:25; transfermarkt:1,Leonardo Balerdi; Gonzalo Montiel; Leandro Paredes; Valentin Barco; Nico Paz; Facundo Medina,Juan Musso; Leonardo Balerdi; Nicolas Tagliafico; Gonzalo Montiel; Leandro Paredes; Lisandro Martinez; Rodrigo De Paul; Valentin Barco
Egypt,26,0.8398615384615383,0.15,3,24,100.15384615384616,wikipedia:15; statbunker:6; manual_web_research:3; transfermarkt:2,Ramy Rabia; Trezeguet; Ahmed Fatouh,Mohamed Elshenawy; Yasser Ibrahim; Mohamed Hany; Hossam Abdelmaguid; Ramy Rabia; Mohamed Abdelmoneim; Trezeguet; Hamza Abdelkarim
Portugal,26,0.8594846153846153,0.225,2,25,107.53846153846153,statbunker:25; transfermarkt:1,Diogo Costa; Ruben Neves,Diogo Costa; Nelson Semedo; Ruben Dias; Diogo Dalot; Matheus Nunes; Cristiano Ronaldo; Bruno Fernandes; Goncalo Ramos
Brazil,26,0.8602807692307692,0.15,5,23,114.6923076923077,statbunker:20; transfermarkt:4; wikipedia:2,Wesley; Weverton; Bremer; Douglas Santos; Fabinho,Alisson; Wesley; Gabriel Magalhaes; Marquinhos; Casemiro; Alex Sandro; Vinicius Junior; Bruno Guimaraes
Germany,26,0.8727615384615386,0.3417,3,24,437.03846153846155,statbunker:24; transfermarkt:2,Nathaniel Brown; Nadiem Amiri; Lennart Karl,Manuel Neuer; Waldemar Anton; Jonathan Tah; Aleksandar Pavlovic; Joshua Kimmich; Kai Havertz; Leon Goretzka; Jamie Leweling
Iran,26,0.8743461538461539,0.15,2,18,836.0769230769231,wikipedia:13; transfermarkt:7; statbunker:3; manual_web_research:2,Shoja Khalilzadeh; Alireza Jahanbakhsh,Saleh Hardani; Ehsan Hajisafi; Shoja Khalilzadeh; Saeid Ezatolahi; Alireza Jahanbakhsh; Mohammad Mohebbi; Mehdi Taremi; Mehdi Ghayedi
Cape Verde,26,0.8804846153846153,0.15,3,14,623.1923076923077,transfermarkt:14; wikipedia:8; statbunker:3; manual_web_research:1,Stopira; Logan Costa; Ryan Mendes,Vozinha; Stopira; Diney Borges; Pico Lopes; Logan Costa; Joao Paulo; Gilson Benchimol; Marcio Rosa
Uzbekistan,26,0.8856961538461536,0.32,2,23,124.6923076923077,wikipedia:16; transfermarkt:5; manual_web_research:3; statbunker:2,Jamshid Iskanderov; Igor Sergeev,Utkir Yusupov; Khojiakbar Alijonov; Farrukh Sayfiev; Rustam Ashurmatov; Akmal Mozgovoy; Otabek Shukurov; Jamshid Iskanderov; Odiljon Xamrobekov
France,26,0.9018576923076923,0.2983,3,24,169.23076923076923,statbunker:23; transfermarkt:2; wikipedia:1,Brice Samba; Theo Hernandez; Robin Risser,Brice Samba; Malo Gusto; Lucas Digne; Dayot Upamecano; Jules Kounde; Ousmane Dembele; Aurelien Tchouameni; Marcus Thuram
South Korea,26,0.9088384615384615,0.2033,2,12,865.6538461538462,transfermarkt:19; statbunker:3; wikipedia:2; manual_web_research:2,Hyunjun Yang; Jisung Eom,Seunggyu Kim; Gihyuk Lee; Taehyeon Kim; Heungmin Son; Bumkeun Song; Taeseok Lee; Wije Cho; Moonhwan Kim
Saudi Arabia,26,0.9094653846153846,0.15,2,26,0.0,wikipedia:18; manual_web_research:6; statbunker:2,Salem Aldawsari; Saud Abdulhamid,Nawaf Alaqidi; Ali Majrashi; Ali Lajami; Abdulelah Alamri; Hassan Altambakti; Nasser Aldawsari; Musab Aljuwayr; Aiman Yahya
Netherlands,26,0.9202538461538463,0.2683,1,24,292.4230769230769,statbunker:24; transfermarkt:2,Quinten Timber,Jurrien Timber; Marten De Roon; Virgil Van Dijk; Nathan Ake; Jan Paul Van Hecke; Justin Kluivert; Ryan Gravenberch; Wout Weghorst
Iraq,26,0.9280307692307693,0.4583,1,20,317.2692307692308,wikipedia:13; transfermarkt:9; manual_web_research:3; statbunker:1,Jalal Hassan,Fahad Talib; Rebin Ghareeb; Hussein Ali; Zaid Tahseen; Akam Hashim; Munaf Younus; Ibrahim Bayesh; Ali Alhamadi
Spain,26,0.9369846153846155,0.1817,1,25,18.76923076923077,statbunker:25; transfermarkt:1,Rodri,David Raya; Marc Pubill; Alex Grimaldo; Eric Garcia; Marcos Llorente; Mikel Merino; Ferran Torres; Fabian Ruiz
Jordan,26,0.94255,0.8454,0,25,13.461538461538462,wikipedia:19; manual_web_research:4; transfermarkt:3,,Yazeed Abulaila; Mohammad Abuhasheesh; Abdallah Nasib; Husam Abudahab; Yazan Alarab; Amer Jamous; Mohammad Abuzraiq; Noor Alrawabdeh
England,26,0.9517923076923077,0.15,1,25,50.23076923076923,statbunker:25; transfermarkt:1,Ivan Toney,Jordan Pickford; Ezri Konsa; Nico Oreilly; Declan Rice; John Stones; Marc Guehi; Bukayo Saka; Elliot Anderson
South Africa,26,0.9647653846153846,0.8833,0,23,142.76923076923077,wikipedia:20; transfermarkt:5; statbunker:1,,Ronwen Williams; Thabang Matuludi; Khulumani Ndamane; Teboho Mokoena; Thalente Mbatha; Aubrey Modiba; Oswin Appollis; Tshepang Moremi
