team,primitive_eafc_poisson,v2_heuristic_nt_elo,v2_random_forest_nt_elo,simple_mean_champion_pct,median_champion_pct,model_range_pct,v2_event_model_mean_champion_pct
France,12.5,19.09,19.46,17.016666666666666,19.09,6.960000000000001,19.275
Brazil,8.42,19.23,20.09,15.913333333333332,19.23,11.67,19.66
Germany,8.11,18.3,19.75,15.386666666666665,18.3,11.64,19.025
Spain,10.26,18.18,17.11,15.183333333333332,17.11,7.92,17.645
Argentina,7.67,8.52,6.93,7.706666666666666,7.67,1.5899999999999999,7.725
England,8.55,5.16,6.76,6.823333333333333,6.76,3.3900000000000006,5.96
Portugal,8.39,4.36,4.35,5.7,4.36,4.040000000000001,4.355
Netherlands,6.17,4.3,3.38,4.616666666666666,4.3,2.79,3.84
Belgium,4.47,1.39,1.1,2.32,1.39,3.3699999999999997,1.245
Turkey,2.13,0.3,0.25,0.8933333333333332,0.3,1.88,0.275
Croatia,2.54,0.05,0.06,0.8833333333333333,0.06,2.49,0.055
Switzerland,1.55,0.17,0.24,0.6533333333333333,0.24,1.3800000000000001,0.20500000000000002
Morocco,1.72,0.15,0.08,0.65,0.15,1.64,0.11499999999999999
Norway,1.59,0.11,0.13,0.61,0.13,1.48,0.12
Uruguay,1.6,0.03,0.01,0.5466666666666667,0.03,1.59,0.02
Colombia,1.52,0.04,0.01,0.5233333333333333,0.04,1.51,0.025
United States,1.16,0.15,0.09,0.4666666666666666,0.15,1.0699999999999998,0.12
Sweden,1.28,0.1,0.01,0.4633333333333334,0.1,1.27,0.055
Austria,1.15,0.02,0.0,0.38999999999999996,0.02,1.15,0.01
Ivory Coast,1.02,0.03,0.03,0.36000000000000004,0.03,0.99,0.03
Czech Republic,1.0,0.05,0.02,0.3566666666666667,0.05,0.98,0.035
Algeria,0.98,0.01,0.01,0.3333333333333333,0.01,0.97,0.01
Senegal,0.94,0.02,0.04,0.3333333333333333,0.04,0.9199999999999999,0.03
Mexico,0.62,0.18,0.03,0.27666666666666667,0.18,0.59,0.105
Scotland,0.63,0.0,0.0,0.21,0.0,0.63,0.0
Canada,0.55,0.0,0.01,0.18666666666666668,0.01,0.55,0.005
Japan,0.54,0.0,0.01,0.18333333333333335,0.01,0.54,0.005
South Korea,0.44,0.03,0.04,0.17,0.04,0.41000000000000003,0.035
Ecuador,0.42,0.03,0.0,0.15,0.03,0.42,0.015
Ghana,0.45,0.0,0.0,0.15,0.0,0.45,0.0
DR Congo,0.32,0.0,0.0,0.10666666666666667,0.0,0.32,0.0
Bosnia & Herzegovina,0.28,0.0,0.0,0.09333333333333334,0.0,0.28,0.0
Paraguay,0.26,0.0,0.0,0.08666666666666667,0.0,0.26,0.0
Egypt,0.13,0.0,0.0,0.043333333333333335,0.0,0.13,0.0
Saudi Arabia,0.1,0.0,0.0,0.03333333333333333,0.0,0.1,0.0
Iran,0.09,0.0,0.0,0.03,0.0,0.09,0.0
Tunisia,0.08,0.0,0.0,0.02666666666666667,0.0,0.08,0.0
New Zealand,0.06,0.0,0.0,0.02,0.0,0.06,0.0
Australia,0.06,0.0,0.0,0.02,0.0,0.06,0.0
Cape Verde,0.04,0.0,0.0,0.013333333333333334,0.0,0.04,0.0
Uzbekistan,0.04,0.0,0.0,0.013333333333333334,0.0,0.04,0.0
Qatar,0.04,0.0,0.0,0.013333333333333334,0.0,0.04,0.0
South Africa,0.04,0.0,0.0,0.013333333333333334,0.0,0.04,0.0
Haiti,0.04,0.0,0.0,0.013333333333333334,0.0,0.04,0.0
Jordan,0.02,0.0,0.0,0.006666666666666667,0.0,0.02,0.0
Curacao,0.01,0.0,0.0,0.0033333333333333335,0.0,0.01,0.0
Panama,0.01,0.0,0.0,0.0033333333333333335,0.0,0.01,0.0
Iraq,0.01,0.0,0.0,0.0033333333333333335,0.0,0.01,0.0
