team,pressing_score,counterattack_score,low_block_resilience,set_piece_attack_score,width_progression_score,tempo_score,discipline_risk,data_confidence,pressing_score_percentile,counterattack_score_percentile,low_block_resilience_percentile,set_piece_attack_score_percentile,width_progression_score_percentile,tempo_score_percentile
Spain,88.50998999999999,86.66023000000001,86.77946,88.08122,88.0896,88.84338000000001,0.0813,0.937,1.0,0.9375,0.9583333333333334,0.9791666666666666,0.9583333333333334,1.0
England,88.02201,87.36170000000001,85.09896,88.07662,88.18006,88.62616,0.0787,0.952,0.9791666666666666,0.9791666666666666,0.8958333333333334,0.9583333333333334,0.9791666666666666,0.9791666666666666
Germany,87.90685,85.89146000000001,85.87932,87.35016,87.42744,88.22856000000002,0.0897,0.873,0.9583333333333334,0.875,0.9375,0.9375,0.9375,0.9583333333333334
Portugal,87.41489,86.11715000000001,85.06782000000001,87.15438,87.24274,87.82184000000001,0.0787,0.859,0.9375,0.8958333333333334,0.875,0.9166666666666666,0.9166666666666666,0.9166666666666666
France,87.07086,88.96133,87.70634000000001,88.14398,88.27688,87.99094000000001,0.0876,0.902,0.9166666666666666,1.0,0.9791666666666666,1.0,1.0,0.9375
Brazil,86.69493,86.38809,87.99774000000002,86.77858,86.95657999999999,87.32888,0.1075,0.86,0.8958333333333334,0.9166666666666666,1.0,0.875,0.875,0.875
Argentina,86.34428,86.80916000000002,85.0418,87.02181999999999,87.14304,87.36282,0.1202,0.831,0.875,0.9583333333333334,0.8541666666666666,0.8958333333333334,0.8958333333333334,0.8958333333333334
Netherlands,86.03773,85.18003,83.0993,85.96188000000001,86.0385,86.47746,0.0765,0.92,0.8541666666666666,0.8541666666666666,0.8333333333333334,0.8541666666666666,0.8541666666666666,0.8541666666666666
Belgium,85.53411,84.43055000000001,85.30278000000001,85.23398,85.30474000000001,85.91128,0.0661,0.781,0.8333333333333334,0.8333333333333334,0.9166666666666666,0.8333333333333334,0.8333333333333334,0.8333333333333334
Norway,82.84572,82.05691,78.0645,82.96318000000001,83.06646,83.65268,0.0978,0.781,0.8125,0.8125,0.6666666666666666,0.8125,0.8125,0.8125
Croatia,82.67325000000001,81.86245,80.5089,82.84278,82.9332,83.4633,0.1199,0.692,0.7916666666666666,0.7916666666666666,0.75,0.7916666666666666,0.7916666666666666,0.7916666666666666
Turkey,82.24995,80.6743,79.72896,82.06354,82.13846,82.87164,0.1161,0.696,0.7708333333333334,0.75,0.7291666666666666,0.7708333333333334,0.7708333333333334,0.7708333333333334
Switzerland,81.28005,80.29089,82.56346,81.07563999999999,81.14193999999999,81.77146,0.0981,0.785,0.75,0.7083333333333334,0.8125,0.75,0.75,0.7291666666666666
Uruguay,81.2591,79.55669,80.59870000000001,80.86706000000001,80.96267999999999,81.82562,0.1312,0.708,0.7291666666666666,0.6666666666666666,0.7708333333333334,0.7291666666666666,0.7083333333333334,0.75
United States,80.52844,78.92164,77.21832,80.2471,80.32332,81.04046,0.101,0.659,0.7083333333333334,0.625,0.625,0.6458333333333334,0.6458333333333334,0.6666666666666666
Colombia,80.49332,80.40239,79.11894,80.85694,81.00316,81.34918,0.1234,0.695,0.6875,0.7291666666666666,0.7083333333333334,0.7083333333333334,0.7291666666666666,0.6875
Algeria,80.24642000000001,79.33469,75.40534000000001,80.71628000000001,80.87456,81.64448,0.2014,0.748,0.6666666666666666,0.6458333333333334,0.4375,0.6666666666666666,0.6666666666666666,0.7083333333333334
Sweden,80.21613,80.81263,77.1245,80.79230000000001,80.91914,80.97192000000001,0.0735,0.74,0.6458333333333334,0.7708333333333334,0.6041666666666666,0.6875,0.6875,0.6458333333333334
Scotland,80.20077,77.57272,75.2936,79.40442,79.52846000000001,80.48628000000001,0.0835,0.636,0.625,0.4791666666666667,0.3958333333333333,0.6041666666666666,0.6041666666666666,0.625
Japan,79.90141,77.50827000000001,75.73974000000001,79.18448,79.2964,80.14392000000001,0.0729,0.718,0.6041666666666666,0.4375,0.5,0.5625,0.5625,0.5833333333333334
Morocco,79.53598,79.98693,81.3567,79.99318,80.11578,80.24928000000001,0.1124,0.734,0.5833333333333334,0.6875,0.7916666666666666,0.625,0.625,0.6041666666666666
Senegal,79.51335999999999,78.14565,78.9045,79.28765999999999,79.2982,79.89902,0.0902,0.585,0.5625,0.5625,0.6875,0.5833333333333334,0.5833333333333334,0.5625
Ghana,79.35647999999999,75.67339999999999,75.16072,78.23348,78.29284,79.57092,0.1052,0.695,0.5416666666666666,0.3541666666666667,0.375,0.4791666666666667,0.4791666666666667,0.5208333333333334
Czech Republic,78.90331,78.62637,76.75786,79.1764,79.24792,79.61360000000002,0.0951,0.649,0.5208333333333334,0.6041666666666666,0.5416666666666666,0.5416666666666666,0.5416666666666666,0.5416666666666666
Ivory Coast,78.88788,77.93304,77.9638,78.94628,79.00994,79.51762000000001,0.1248,0.645,0.5,0.5208333333333334,0.6458333333333334,0.5208333333333334,0.5208333333333334,0.5
Austria,78.09139,77.54092,77.00468000000001,78.21614,78.26532,78.53386,0.0893,0.712,0.4791666666666667,0.4583333333333333,0.5625,0.4583333333333333,0.4583333333333333,0.4583333333333333
Egypt,77.61845999999998,75.13313,70.2251,76.98436,77.15541999999999,78.12389999999999,0.0826,0.84,0.4583333333333333,0.3333333333333333,0.14583333333333334,0.4166666666666667,0.4166666666666667,0.4166666666666667
South Korea,77.51867999999999,78.40702,75.79208,78.59352,78.74202,78.90774,0.166,0.909,0.4375,0.5833333333333334,0.5208333333333334,0.5,0.5,0.4791666666666667
Mexico,76.39311999999998,77.94046,74.83432,77.99647999999999,78.06881999999999,78.14182,0.2088,0.633,0.4166666666666667,0.5416666666666666,0.3541666666666667,0.4375,0.4375,0.4375
Ecuador,76.30975,75.83995,77.12398,76.24736,76.42616,76.70504,0.0931,0.675,0.3958333333333333,0.3958333333333333,0.5833333333333334,0.3541666666666667,0.3541666666666667,0.3958333333333333
Saudi Arabia,75.79280999999999,72.25764000000001,71.9008,74.34222,74.50592,75.67510000000001,0.0483,0.909,0.375,0.16666666666666666,0.2916666666666667,0.2916666666666667,0.2916666666666667,0.3333333333333333
Canada,75.63032,77.18803,75.38802,76.64924,76.83426,76.62058000000002,0.11,0.644,0.3541666666666667,0.4166666666666667,0.4166666666666667,0.3958333333333333,0.3958333333333333,0.375
DR Congo,75.12876,77.66210000000001,75.55996,76.60844,76.73284,76.29448,0.1096,0.769,0.3333333333333333,0.5,0.4791666666666667,0.375,0.375,0.3541666666666667
Paraguay,75.10285000000002,74.78443999999999,73.45984000000001,75.24178,75.34354,75.65896000000001,0.0747,0.775,0.3125,0.3125,0.3125,0.3333333333333333,0.3333333333333333,0.3125
Tunisia,74.27564,72.26716,70.73700000000001,74.06266,74.13624,74.99034,0.1454,0.803,0.2916666666666667,0.1875,0.1875,0.2708333333333333,0.2708333333333333,0.2916666666666667
Qatar,73.2798,73.23064,70.98104000000001,73.70158,73.81868,74.17702,0.1146,0.67,0.2708333333333333,0.2916666666666667,0.22916666666666666,0.25,0.25,0.25
Bosnia & Herzegovina,73.08221,75.72863,75.53030000000001,74.55066,74.68195999999999,74.27666,0.1203,0.674,0.25,0.375,0.4583333333333333,0.3125,0.3125,0.2708333333333333
Cape Verde,72.29454,72.83552,70.2228,73.37859999999999,73.43888,73.70179999999999,0.1866,0.88,0.22916666666666666,0.25,0.125,0.22916666666666666,0.22916666666666666,0.22916666666666666
New Zealand,72.20472000000001,72.47604,71.04332000000001,72.83672,72.9387,73.23574,0.1376,0.812,0.20833333333333334,0.20833333333333334,0.25,0.20833333333333334,0.20833333333333334,0.20833333333333334
Haiti,71.86292999999999,72.70927,71.31454,72.77492000000001,72.83082,72.94094000000001,0.1365,0.727,0.1875,0.22916666666666666,0.2708333333333333,0.1875,0.1875,0.1875
Iran,71.44604,73.22631000000001,70.17970000000001,72.67031999999999,72.73128,72.4804,0.0916,0.874,0.16666666666666666,0.2708333333333333,0.10416666666666667,0.16666666666666666,0.16666666666666666,0.16666666666666666
Jordan,70.34680999999999,69.86744,69.47712000000001,70.2698,70.32517999999999,70.56354,0.0393,0.943,0.14583333333333334,0.0625,0.0625,0.08333333333333333,0.08333333333333333,0.08333333333333333
Uzbekistan,70.05554999999998,71.66482,70.41704000000001,71.15523999999999,71.22858000000001,71.02062000000001,0.1067,0.886,0.125,0.14583333333333334,0.16666666666666666,0.125,0.125,0.125
Panama,69.89715,70.03613,70.9393,70.16976,70.22608,70.30632,0.0647,0.501,0.10416666666666667,0.08333333333333333,0.20833333333333334,0.0625,0.0625,0.0625
Australia,69.79096,71.04791,74.71234,70.86806,70.90464,70.98958,0.1782,0.669,0.08333333333333333,0.10416666666666667,0.3333333333333333,0.10416666666666667,0.10416666666666667,0.10416666666666667
Curacao,69.7591,71.43431,69.84358,71.44046,71.49962,71.51248,0.226,0.694,0.0625,0.125,0.08333333333333333,0.14583333333333334,0.14583333333333334,0.14583333333333334
Iraq,69.4082,69.72626,68.99948,69.98976,70.03616,70.21044,0.11,0.928,0.041666666666666664,0.041666666666666664,0.041666666666666664,0.041666666666666664,0.041666666666666664,0.041666666666666664
South Africa,68.50783000000001,69.00875,68.12622,69.00901999999999,69.02777999999999,69.03247999999999,0.0625,0.965,0.020833333333333332,0.020833333333333332,0.020833333333333332,0.020833333333333332,0.020833333333333332,0.020833333333333332
