model,feature,permutation_importance_neg_log_loss_drop,std,repeats
decision_tree_depth4,squad_rating_diff,0.4376584834175835,0.010318504890390573,8
decision_tree_depth4,gk_diff,0.018958430338990778,0.001397472136223284,8
decision_tree_depth4,possession_diff,0.015624511552053758,0.0018113829566402096,8
decision_tree_depth4,stage_is_knockout,0.007487769860898455,0.0029402925301171535,8
decision_tree_depth4,data_confidence_diff,0.0028125993958967588,0.0010306524034011547,8
decision_tree_depth4,elo_diff,0.0027794840376992175,0.0027583076894598132,8
decision_tree_depth4,match_day_index,0.002313345324495883,0.0018295536898797389,8
decision_tree_depth4,discipline_diff,0.0006925086418358845,0.0008147014319411915,8
decision_tree_depth4,attack_vs_defense,0.0,0.0,8
decision_tree_depth4,defense_vs_attack,0.0,0.0,8
decision_tree_depth4,midfield_diff,0.0,0.0,8
decision_tree_depth4,host_diff,0.0,0.0,8
decision_tree_depth4,rest_diff,0.0,0.0,8
decision_tree_depth4,fatigue_diff,0.0,0.0,8
decision_tree_depth4,lineup_replacements_diff,0.0,0.0,8
decision_tree_depth4,altitude_factor,0.0,0.0,8
decision_tree_depth4,travel_diff,0.0,0.0,8
decision_tree_depth4,venue_altitude_km,0.0,0.0,8
decision_tree_depth4,allow_draw,0.0,0.0,8
decision_tree_depth4,heat_index,-0.0010307576521067091,0.0006933341863003905,8
decision_tree_depth4,humidity,-0.002501981927641908,0.001279899035056647,8
elastic_net_logistic,squad_rating_diff,0.11165413038929389,0.0043953609532733275,8
elastic_net_logistic,midfield_diff,0.04761370832784806,0.0020123774910375467,8
elastic_net_logistic,elo_diff,0.022899739375757164,0.001977489808216849,8
elastic_net_logistic,attack_vs_defense,0.017601183899061387,0.0011388165604223446,8
elastic_net_logistic,gk_diff,0.016682812441595765,0.001515425280994809,8
elastic_net_logistic,defense_vs_attack,0.012826467742408906,0.001483194728557782,8
elastic_net_logistic,possession_diff,0.002672099481052681,0.0006804249485704174,8
elastic_net_logistic,humidity,0.0015033316870787516,0.0008770036990825986,8
elastic_net_logistic,travel_diff,0.0012696986780999509,0.000571394191329916,8
elastic_net_logistic,altitude_factor,0.0011341980561562909,0.0007394673656149292,8
elastic_net_logistic,data_confidence_diff,0.000911490439332488,0.00022468854799201528,8
elastic_net_logistic,lineup_replacements_diff,0.0008806320661546435,0.0004513517219144925,8
elastic_net_logistic,host_diff,0.0007959530465038028,0.0006147424997158037,8
elastic_net_logistic,discipline_diff,0.00020535376860700283,0.0001511884703955403,8
elastic_net_logistic,heat_index,0.00011104462783016744,0.00029247626439822105,8
elastic_net_logistic,rest_diff,-0.00036226867909906757,0.0005978814698389689,8
elastic_net_logistic,fatigue_diff,-0.00038186676020289523,0.0004877610869700542,8
elastic_net_logistic,venue_altitude_km,-0.00043280325593528235,0.0005444664900378089,8
elastic_net_logistic,match_day_index,-0.0006807872612399346,0.0007533555549544942,8
elastic_net_logistic,stage_is_knockout,-0.0023548397923241066,0.0013976979103062892,8
elastic_net_logistic,allow_draw,-0.0023548397923243564,0.001397697910306143,8
hist_gradient_boosting,squad_rating_diff,0.15286405849421397,0.020062425565189657,8
hist_gradient_boosting,midfield_diff,0.02537263723260598,0.007832860121495259,8
hist_gradient_boosting,elo_diff,0.01843926055962039,0.004813899904151643,8
hist_gradient_boosting,attack_vs_defense,0.014822773868729544,0.004705424513388947,8
hist_gradient_boosting,defense_vs_attack,0.011495925395834591,0.003941217506332564,8
hist_gradient_boosting,possession_diff,0.009612847786549777,0.004704643802326389,8
hist_gradient_boosting,stage_is_knockout,0.005859864454627731,0.002346250273894201,8
hist_gradient_boosting,travel_diff,0.00415539084698989,0.0018883688759522342,8
hist_gradient_boosting,fatigue_diff,0.003917455550877816,0.002534289965716037,8
hist_gradient_boosting,gk_diff,0.0038831245849090257,0.00440600922452295,8
hist_gradient_boosting,rest_diff,0.0035955196130947747,0.001248264710730371,8
hist_gradient_boosting,data_confidence_diff,0.0023991442573817467,0.0018465056169587088,8
hist_gradient_boosting,heat_index,0.0013199429571713883,0.003116796928244769,8
hist_gradient_boosting,lineup_replacements_diff,0.0008546682222761448,0.0003297862069414866,8
hist_gradient_boosting,discipline_diff,0.0008455405401825156,0.003628648019288402,8
hist_gradient_boosting,match_day_index,0.0007259215162614407,0.0011158993259759997,8
hist_gradient_boosting,venue_altitude_km,0.00028366802495302657,0.0021330307286811048,8
hist_gradient_boosting,altitude_factor,0.00011086915196821534,0.00011203375682331457,8
hist_gradient_boosting,allow_draw,-9.751511874354912e-05,7.302037779877526e-05,8
hist_gradient_boosting,host_diff,-0.000902598938940416,0.0004686368760691745,8
hist_gradient_boosting,humidity,-0.005573981540950831,0.0042764590000131785,8
logistic_l2,squad_rating_diff,0.11332099461479467,0.007673650378247458,8
logistic_l2,midfield_diff,0.051060226628112326,0.003875847425673005,8
logistic_l2,elo_diff,0.022660442403765177,0.0015794803298850217,8
logistic_l2,attack_vs_defense,0.019429872317379693,0.002659221766684628,8
logistic_l2,gk_diff,0.017928750226076845,0.00249113706811834,8
logistic_l2,defense_vs_attack,0.01390879416155355,0.0020226827779567364,8
logistic_l2,possession_diff,0.0023439623723449515,0.0007035438137317539,8
logistic_l2,humidity,0.00162165257304131,0.0012169983583844193,8
logistic_l2,travel_diff,0.0013048245946195164,0.0004515140130199293,8
logistic_l2,data_confidence_diff,0.0009225755247038586,0.00037166128794835956,8
logistic_l2,lineup_replacements_diff,0.0008452757684525997,0.0004023588129350921,8
logistic_l2,altitude_factor,0.0006108562193978817,0.0005483477276054901,8
logistic_l2,host_diff,0.00033424231658027437,0.0006744575171653631,8
logistic_l2,heat_index,0.0001363881904530989,0.00022216471875942308,8
logistic_l2,discipline_diff,9.535085099265928e-05,0.00013090562641589857,8
logistic_l2,venue_altitude_km,-0.00019972163203420268,0.0005538051223850036,8
logistic_l2,match_day_index,-0.00021874572560241778,0.0006739686580063539,8
logistic_l2,fatigue_diff,-0.00031248637568284665,0.000568609625103876,8
logistic_l2,rest_diff,-0.000376322691299516,0.00036540286996963287,8
logistic_l2,allow_draw,-0.001442973023438543,0.0012122115978880777,8
logistic_l2,stage_is_knockout,-0.0014429730234385707,0.0012122115978880907,8
random_forest,squad_rating_diff,0.05905153910187784,0.003246411364647266,8
random_forest,possession_diff,0.03347277986674167,0.002066778242613561,8
random_forest,attack_vs_defense,0.02704168650429134,0.002492570356972097,8
random_forest,midfield_diff,0.016115077578378767,0.001354643877259448,8
random_forest,defense_vs_attack,0.014665495216343485,0.00135614685407778,8
random_forest,elo_diff,0.010531126870471946,0.0019990605401526223,8
random_forest,gk_diff,0.005373403576462404,0.0009317322734554224,8
random_forest,data_confidence_diff,0.0018668823610828167,0.0007430494925950025,8
random_forest,travel_diff,0.0017479902279556037,0.0010203984048794013,8
random_forest,match_day_index,0.0008023870998193489,0.0005009243911527712,8
random_forest,fatigue_diff,0.0004679578674421786,0.0008208348745811296,8
random_forest,discipline_diff,0.00041919141881122113,0.0006421692280323979,8
random_forest,allow_draw,0.000355512118646803,0.0005424750321117632,8
random_forest,rest_diff,0.0002063948077729444,0.0004667035534188822,8
random_forest,lineup_replacements_diff,0.00013870998862046402,0.00010418983324205894,8
random_forest,venue_altitude_km,2.027494785324102e-05,0.0004872523009458207,8
random_forest,altitude_factor,-3.8708090734820844e-05,1.1157416658718795e-05,8
random_forest,stage_is_knockout,-6.130262164238953e-05,0.0004848997999291667,8
random_forest,host_diff,-9.259074894304997e-05,0.0001266099364932302,8
random_forest,heat_index,-0.00048418938353009255,0.0005521846284214523,8
random_forest,humidity,-0.001530791980749291,0.0005476041025761885,8
