model,feature,mean_abs_true_probability_delta,mean_true_probability_delta,mean_abs_team_a_probability_delta
random_forest,squad_rating_diff,0.08775438118848256,0.06204718014397606,0.08325352878257818
random_forest,possession_diff,0.05530027179302926,0.04088609639163516,0.049068343110084546
random_forest,attack_vs_defense,0.04142785304203952,0.026770906692686117,0.038730027190443994
random_forest,midfield_diff,0.03755264811985049,0.024631151920988477,0.03434445770000774
random_forest,defense_vs_attack,0.03562755070395952,0.0232245070773231,0.038783975577781966
random_forest,elo_diff,0.024529352726553166,0.011675169744829716,0.02101179419948945
random_forest,gk_diff,0.02059164407798468,0.008933907133163442,0.013672063402200289
random_forest,match_day_index,0.01294665204668352,0.006335462652555476,0.006234325849130839
random_forest,discipline_diff,0.01006405541978979,-0.0011733942834756335,0.007791476161958852
random_forest,data_confidence_diff,0.010033631450494088,0.002843535650466473,0.0058864749076859395
random_forest,humidity,0.009948986348249405,-0.00032493170905273735,0.00831515764667039
random_forest,allow_draw,0.009737931051962821,0.005829052818981358,0.006248774056645329
random_forest,heat_index,0.009060159545659696,-0.002122360093524421,0.0070496948168801265
random_forest,travel_diff,0.009013556009603976,0.0008025511291256629,0.007971638693152474
random_forest,fatigue_diff,0.00890437541939368,-0.001765723161602097,0.005297600023027193
random_forest,venue_altitude_km,0.00845979782991289,0.0034199602912244873,0.005766628092228383
random_forest,stage_is_knockout,0.008438667404399289,0.005564651322407465,0.004626994114484758
random_forest,rest_diff,0.004460708500598953,-0.0008673227913205309,0.0035548111145926537
random_forest,lineup_replacements_diff,0.0017533513344745067,-0.00010275305693180008,0.001209722279278593
random_forest,host_diff,0.0004010577055518931,-0.00013795964224428932,0.00030797338314457717
random_forest,altitude_factor,2.624995228228566e-05,-2.624995228228566e-05,3.299161530688636e-05
