model,class,feature,coefficient,abs_coefficient
elastic_net_logistic,A,squad_rating_diff,0.5444153545810559,0.5444153545810559
elastic_net_logistic,A,midfield_diff,0.18851514233607702,0.18851514233607702
elastic_net_logistic,A,defense_vs_attack,0.17314642196369293,0.17314642196369293
elastic_net_logistic,A,attack_vs_defense,0.12117169748854936,0.12117169748854936
elastic_net_logistic,A,humidity,-0.0878851681238515,0.0878851681238515
elastic_net_logistic,A,altitude_factor,-0.06701855746658973,0.06701855746658973
elastic_net_logistic,A,travel_diff,-0.05715868968979933,0.05715868968979933
elastic_net_logistic,A,data_confidence_diff,0.052576394888245025,0.052576394888245025
elastic_net_logistic,A,stage_is_knockout,0.051368328613227675,0.051368328613227675
elastic_net_logistic,A,allow_draw,-0.05136832861321859,0.05136832861321859
elastic_net_logistic,A,lineup_replacements_diff,-0.050541743435775936,0.050541743435775936
elastic_net_logistic,A,possession_diff,0.04770421233413219,0.04770421233413219
elastic_net_logistic,A,elo_diff,0.04689669285139388,0.04689669285139388
elastic_net_logistic,A,host_diff,0.04639132232657246,0.04639132232657246
elastic_net_logistic,A,venue_altitude_km,0.040145406375892506,0.040145406375892506
elastic_net_logistic,A,fatigue_diff,0.02198290520313994,0.02198290520313994
elastic_net_logistic,A,discipline_diff,-0.012732426779514104,0.012732426779514104
elastic_net_logistic,A,rest_diff,0.00862921474448283,0.00862921474448283
elastic_net_logistic,A,gk_diff,0.0,0.0
elastic_net_logistic,A,heat_index,0.0,0.0
elastic_net_logistic,A,match_day_index,0.0,0.0
elastic_net_logistic,B,midfield_diff,-0.29902649457437985,0.29902649457437985
elastic_net_logistic,B,squad_rating_diff,-0.28429215671041874,0.28429215671041874
elastic_net_logistic,B,elo_diff,-0.2497029138921829,0.2497029138921829
elastic_net_logistic,B,gk_diff,-0.21626687424590654,0.21626687424590654
elastic_net_logistic,B,attack_vs_defense,-0.126717006172362,0.126717006172362
elastic_net_logistic,B,match_day_index,0.09674733590825933,0.09674733590825933
elastic_net_logistic,B,rest_diff,-0.06201351440527954,0.06201351440527954
elastic_net_logistic,B,host_diff,-0.05573718483989083,0.05573718483989083
elastic_net_logistic,B,fatigue_diff,-0.03552271860720049,0.03552271860720049
elastic_net_logistic,B,venue_altitude_km,-0.0341539212506557,0.0341539212506557
elastic_net_logistic,B,travel_diff,0.03318287459839906,0.03318287459839906
elastic_net_logistic,B,altitude_factor,0.03239224524273692,0.03239224524273692
elastic_net_logistic,B,heat_index,0.02427023876398763,0.02427023876398763
elastic_net_logistic,B,defense_vs_attack,0.0,0.0
elastic_net_logistic,B,possession_diff,0.0,0.0
elastic_net_logistic,B,discipline_diff,0.0,0.0
elastic_net_logistic,B,data_confidence_diff,0.0,0.0
elastic_net_logistic,B,lineup_replacements_diff,0.0,0.0
elastic_net_logistic,B,humidity,0.0,0.0
elastic_net_logistic,B,stage_is_knockout,0.0,0.0
elastic_net_logistic,B,allow_draw,0.0,0.0
elastic_net_logistic,D,stage_is_knockout,-0.11578609057467486,0.11578609057467486
elastic_net_logistic,D,allow_draw,0.11578609057466946,0.11578609057466946
elastic_net_logistic,D,humidity,0.048741065592987166,0.048741065592987166
elastic_net_logistic,D,gk_diff,0.040693407676166894,0.040693407676166894
elastic_net_logistic,D,defense_vs_attack,-0.03845533080500442,0.03845533080500442
elastic_net_logistic,D,possession_diff,-0.02620399575578304,0.02620399575578304
elastic_net_logistic,D,match_day_index,-0.021626185498191248,0.021626185498191248
elastic_net_logistic,D,heat_index,-0.011015529475772461,0.011015529475772461
elastic_net_logistic,D,data_confidence_diff,-0.007711154341921374,0.007711154341921374
elastic_net_logistic,D,lineup_replacements_diff,0.002511612627951481,0.002511612627951481
elastic_net_logistic,D,discipline_diff,0.0009936962082483204,0.0009936962082483204
elastic_net_logistic,D,elo_diff,0.0,0.0
elastic_net_logistic,D,squad_rating_diff,0.0,0.0
elastic_net_logistic,D,attack_vs_defense,0.0,0.0
elastic_net_logistic,D,midfield_diff,0.0,0.0
elastic_net_logistic,D,host_diff,0.0,0.0
elastic_net_logistic,D,rest_diff,0.0,0.0
elastic_net_logistic,D,fatigue_diff,0.0,0.0
elastic_net_logistic,D,altitude_factor,0.0,0.0
elastic_net_logistic,D,travel_diff,0.0,0.0
elastic_net_logistic,D,venue_altitude_km,0.0,0.0
logistic_l2,A,squad_rating_diff,0.4525266999262926,0.4525266999262926
logistic_l2,A,midfield_diff,0.22861802462747427,0.22861802462747427
logistic_l2,A,defense_vs_attack,0.131791102030345,0.131791102030345
logistic_l2,A,attack_vs_defense,0.12465933202580325,0.12465933202580325
logistic_l2,A,elo_diff,0.11529639652058726,0.11529639652058726
logistic_l2,A,stage_is_knockout,0.07611896743473147,0.07611896743473147
logistic_l2,A,allow_draw,-0.07611896743473139,0.07611896743473139
logistic_l2,A,humidity,-0.07561045024709799,0.07561045024709799
logistic_l2,A,gk_diff,0.058965456444286954,0.058965456444286954
logistic_l2,A,altitude_factor,-0.05597766436896861,0.05597766436896861
logistic_l2,A,travel_diff,-0.04994682834006079,0.04994682834006079
logistic_l2,A,host_diff,0.04946432606812297,0.04946432606812297
logistic_l2,A,venue_altitude_km,0.03864467094950794,0.03864467094950794
logistic_l2,A,data_confidence_diff,0.037934477910897275,0.037934477910897275
logistic_l2,A,possession_diff,0.037083425789055484,0.037083425789055484
logistic_l2,A,lineup_replacements_diff,-0.03484828550981232,0.03484828550981232
logistic_l2,A,match_day_index,-0.031052491920984783,0.031052491920984783
logistic_l2,A,fatigue_diff,0.026911693219660943,0.026911693219660943
logistic_l2,A,rest_diff,0.026909914048688664,0.026909914048688664
logistic_l2,A,discipline_diff,-0.008995107102009636,0.008995107102009636
logistic_l2,A,heat_index,-0.004014723769105565,0.004014723769105565
logistic_l2,B,squad_rating_diff,-0.3668798678720119,0.3668798678720119
logistic_l2,B,midfield_diff,-0.2686729657777568,0.2686729657777568
logistic_l2,B,elo_diff,-0.18292543045767504,0.18292543045767504
logistic_l2,B,gk_diff,-0.15974870732348395,0.15974870732348395
logistic_l2,B,attack_vs_defense,-0.12714541028702148,0.12714541028702148
logistic_l2,B,match_day_index,0.07971749471246385,0.07971749471246385
logistic_l2,B,host_diff,-0.052599627064057214,0.052599627064057214
logistic_l2,B,defense_vs_attack,-0.04597050079539991,0.04597050079539991
logistic_l2,B,rest_diff,-0.04470979080725769,0.04470979080725769
logistic_l2,B,altitude_factor,0.044614632096544725,0.044614632096544725
logistic_l2,B,travel_diff,0.042139173468029464,0.042139173468029464
logistic_l2,B,venue_altitude_km,-0.037146628666297817,0.037146628666297817
logistic_l2,B,fatigue_diff,-0.03143228734978236,0.03143228734978236
logistic_l2,B,heat_index,0.02085057208069049,0.02085057208069049
logistic_l2,B,stage_is_knockout,0.017597788117938815,0.017597788117938815
logistic_l2,B,allow_draw,-0.01759778811793847,0.01759778811793847
logistic_l2,B,lineup_replacements_diff,0.01607607091369186,0.01607607091369186
logistic_l2,B,data_confidence_diff,-0.01520671022383981,0.01520671022383981
logistic_l2,B,humidity,0.012065315622287846,0.012065315622287846
logistic_l2,B,discipline_diff,0.0037055281708631652,0.0037055281708631652
logistic_l2,B,possession_diff,8.077356414226575e-05,8.077356414226575e-05
logistic_l2,D,gk_diff,0.10078325087920098,0.10078325087920098
logistic_l2,D,stage_is_knockout,-0.09371675555267098,0.09371675555267098
logistic_l2,D,allow_draw,0.09371675555267073,0.09371675555267073
logistic_l2,D,defense_vs_attack,-0.08582060123494546,0.08582060123494546
logistic_l2,D,squad_rating_diff,-0.08564683205428156,0.08564683205428156
logistic_l2,D,elo_diff,0.06762903393709191,0.06762903393709191
logistic_l2,D,humidity,0.06354513462481196,0.06354513462481196
logistic_l2,D,match_day_index,-0.048665002791482705,0.048665002791482705
logistic_l2,D,midfield_diff,0.04005494115027985,0.04005494115027985
logistic_l2,D,possession_diff,-0.03716419935319732,0.03716419935319732
logistic_l2,D,data_confidence_diff,-0.022727767687058805,0.022727767687058805
logistic_l2,D,lineup_replacements_diff,0.01877221459611849,0.01877221459611849
logistic_l2,D,rest_diff,0.017799876758564447,0.017799876758564447
logistic_l2,D,heat_index,-0.016835848311584564,0.016835848311584564
logistic_l2,D,altitude_factor,0.011363032272425105,0.011363032272425105
logistic_l2,D,travel_diff,0.0078076548720309134,0.0078076548720309134
logistic_l2,D,discipline_diff,0.005289578931141377,0.005289578931141377
logistic_l2,D,fatigue_diff,0.004520594130123321,0.004520594130123321
logistic_l2,D,host_diff,0.0031353009959328593,0.0031353009959328593
logistic_l2,D,attack_vs_defense,0.0024860782612193175,0.0024860782612193175
logistic_l2,D,venue_altitude_km,-0.0014980422832070576,0.0014980422832070576
