model,feature,importance,normalized_importance
decision_tree_depth4,squad_rating_diff,0.8559209381348699,0.8559209381348697
decision_tree_depth4,stage_is_knockout,0.03178971669394594,0.03178971669394593
decision_tree_depth4,gk_diff,0.02188077292227072,0.021880772922270718
decision_tree_depth4,humidity,0.020670134020481797,0.020670134020481793
decision_tree_depth4,elo_diff,0.01782708834471483,0.017827088344714827
decision_tree_depth4,possession_diff,0.016070125674629714,0.01607012567462971
decision_tree_depth4,match_day_index,0.01276060281607094,0.012760602816070936
decision_tree_depth4,data_confidence_diff,0.01062243534839653,0.010622435348396528
decision_tree_depth4,heat_index,0.0066488159623673895,0.006648815962367388
decision_tree_depth4,discipline_diff,0.005809370082252413,0.005809370082252412
decision_tree_depth4,attack_vs_defense,0.0,0.0
decision_tree_depth4,defense_vs_attack,0.0,0.0
decision_tree_depth4,midfield_diff,0.0,0.0
decision_tree_depth4,host_diff,0.0,0.0
decision_tree_depth4,rest_diff,0.0,0.0
decision_tree_depth4,fatigue_diff,0.0,0.0
decision_tree_depth4,lineup_replacements_diff,0.0,0.0
decision_tree_depth4,altitude_factor,0.0,0.0
decision_tree_depth4,travel_diff,0.0,0.0
decision_tree_depth4,venue_altitude_km,0.0,0.0
decision_tree_depth4,allow_draw,0.0,0.0
elastic_net_logistic,squad_rating_diff,0.2762358370971582,0.2270930740525692
elastic_net_logistic,midfield_diff,0.1625138789701523,0.1336024200891736
elastic_net_logistic,elo_diff,0.09886653558119225,0.08127803300975692
elastic_net_logistic,gk_diff,0.08565342730735781,0.07041555619564564
elastic_net_logistic,attack_vs_defense,0.08262956788697046,0.06792964582827699
elastic_net_logistic,defense_vs_attack,0.07053391758956579,0.057985829567621515
elastic_net_logistic,stage_is_knockout,0.05571813972930084,0.045805800451471125
elastic_net_logistic,allow_draw,0.05571813972929601,0.045805800451467156
elastic_net_logistic,humidity,0.045542077905612884,0.037440075042434164
elastic_net_logistic,match_day_index,0.03945784046881686,0.03243823242379608
elastic_net_logistic,host_diff,0.034042835722154434,0.02798656501216944
elastic_net_logistic,altitude_factor,0.03313693423644221,0.027241824737551053
elastic_net_logistic,travel_diff,0.0301138547627328,0.02475655556319541
elastic_net_logistic,venue_altitude_km,0.024766442542182732,0.020360455867543422
elastic_net_logistic,possession_diff,0.024636069363305077,0.020253276269572146
elastic_net_logistic,rest_diff,0.023547576383254123,0.01935842779689743
elastic_net_logistic,data_confidence_diff,0.020095849743388797,0.016520768419774467
elastic_net_logistic,fatigue_diff,0.019168541270113477,0.01575842949226949
elastic_net_logistic,lineup_replacements_diff,0.017684452021242473,0.014538361910756
elastic_net_logistic,heat_index,0.011761922746586696,0.009669459333590173
elastic_net_logistic,discipline_diff,0.004575374329254141,0.0037614084844685924
logistic_l2,squad_rating_diff,0.3016844666175287,0.21769956264534704
logistic_l2,midfield_diff,0.17911531051850363,0.1292520135363779
logistic_l2,elo_diff,0.12195028697178473,0.08800096483552117
logistic_l2,gk_diff,0.1064991382156573,0.07685120838869157
logistic_l2,defense_vs_attack,0.0878607346868968,0.06340148609403068
logistic_l2,attack_vs_defense,0.08476360685801469,0.061166557059188574
logistic_l2,stage_is_knockout,0.062477837035113754,0.04508484626361354
logistic_l2,allow_draw,0.062477837035113525,0.04508484626361337
logistic_l2,match_day_index,0.05314499647497711,0.038350143178100246
logistic_l2,humidity,0.05040696683139926,0.036374344216357275
logistic_l2,altitude_factor,0.037318442912646146,0.026929489581537437
logistic_l2,host_diff,0.03506641804270435,0.025304398191352193
logistic_l2,travel_diff,0.033297885560040395,0.02402820140098797
logistic_l2,rest_diff,0.029806527204836935,0.02150879032395173
logistic_l2,venue_altitude_km,0.0257631139663376,0.01859100902919359
logistic_l2,data_confidence_diff,0.025289651940598634,0.01824935247296384
logistic_l2,possession_diff,0.02477613290213169,0.017878790238395625
logistic_l2,lineup_replacements_diff,0.023232190339874226,0.016764660550773657
logistic_l2,fatigue_diff,0.020954858233188874,0.015121307118685477
logistic_l2,heat_index,0.013900381387126874,0.010030701887006662
logistic_l2,discipline_diff,0.005996738068004726,0.004327326724310306
random_forest,squad_rating_diff,0.16675949270057497,0.16675949270057497
random_forest,attack_vs_defense,0.13211280096450134,0.13211280096450134
random_forest,possession_diff,0.12184610835167885,0.12184610835167885
random_forest,defense_vs_attack,0.09555897859924452,0.09555897859924452
random_forest,midfield_diff,0.09009806494179376,0.09009806494179376
random_forest,elo_diff,0.07043955786906007,0.07043955786906007
random_forest,gk_diff,0.062150008288269123,0.062150008288269123
random_forest,discipline_diff,0.034444811894901214,0.034444811894901214
random_forest,fatigue_diff,0.033846614570775334,0.033846614570775334
random_forest,humidity,0.03284067985993262,0.03284067985993262
random_forest,travel_diff,0.032390624906995784,0.032390624906995784
random_forest,data_confidence_diff,0.0316634806727004,0.0316634806727004
random_forest,heat_index,0.03137486835157457,0.03137486835157457
random_forest,rest_diff,0.014551064465913305,0.014551064465913305
random_forest,venue_altitude_km,0.01397635112054786,0.01397635112054786
random_forest,match_day_index,0.012371024328538935,0.012371024328538935
random_forest,allow_draw,0.00852155459005757,0.00852155459005757
random_forest,stage_is_knockout,0.00735027640779021,0.00735027640779021
random_forest,lineup_replacements_diff,0.005012241208746187,0.005012241208746187
random_forest,host_diff,0.002534216105312523,0.002534216105312523
random_forest,altitude_factor,0.00015717980109080298,0.00015717980109080298
