model,sample_index,feature,true_label,base_true_probability,occluded_true_probability,true_probability_delta,team_a_win_probability_delta
random_forest,687,elo_diff,B,0.45617560159440546,0.426700046304422,0.02947555528998347,-0.03463358089435559
random_forest,1328,elo_diff,A,0.4492651337692548,0.42766711215768516,0.02159802161156965,0.02159802161156965
random_forest,284,elo_diff,A,0.6207285411460056,0.6458322222585274,-0.025103681112521814,-0.025103681112521814
random_forest,272,elo_diff,D,0.2391291814260883,0.2391291814260883,0.0,0.0
random_forest,530,elo_diff,A,0.6975813943426511,0.648801003546024,0.048780390796627104,0.048780390796627104
random_forest,497,elo_diff,A,0.6869717897542845,0.6968449688522309,-0.009873179097946383,-0.009873179097946383
random_forest,110,elo_diff,B,0.8047583303764941,0.7130555936063697,0.09170273677012442,-0.02383641921894646
random_forest,72,elo_diff,B,0.3257595613578866,0.34740896886748457,-0.021649407509597984,0.011797075411067948
random_forest,128,elo_diff,B,0.31064027751145307,0.3112850992681368,-0.0006448217566837333,-0.003391857285121702
random_forest,339,elo_diff,B,0.5618592157988033,0.5363004649549273,0.025558750843875933,-0.025684674313727285
random_forest,1482,elo_diff,B,0.5395391978295209,0.5372229455808459,0.0023162522486749326,-0.003027566255403902
random_forest,1162,elo_diff,B,0.4162270154775342,0.3630221937354107,0.05320482174212349,-0.03205132550333134
random_forest,1582,elo_diff,B,0.057124884763115974,0.06817213598286163,-0.01104725121974566,0.031000385985192058
random_forest,32,elo_diff,A,0.48684702130664476,0.47900823465833725,0.007838786648307505,0.007838786648307505
random_forest,1609,elo_diff,B,0.7219920995014323,0.6917899968972484,0.030202102604183878,-0.02476473056296051
random_forest,749,elo_diff,A,0.7074921003142176,0.6770967927289128,0.030395307585304843,0.030395307585304843
random_forest,1072,elo_diff,B,0.040495926501724046,0.06578493308288826,-0.02528900658116421,0.04296479022070432
random_forest,1600,elo_diff,B,0.37736888229236243,0.3457830638093406,0.03158581848302183,-0.04490602971299401
random_forest,1489,elo_diff,A,0.7747201374703252,0.7796201645489358,-0.0049000270786105915,-0.0049000270786105915
random_forest,1160,elo_diff,B,0.3347109909237406,0.3224036261380932,0.012307364785647423,0.007694353917339164
random_forest,1416,elo_diff,B,0.2959903558008581,0.26005695493554704,0.03593340086531105,-0.06704153126214243
random_forest,38,elo_diff,B,0.21660224158879746,0.24504539671846073,-0.028443155129663278,0.02611087092692732
random_forest,71,elo_diff,A,0.4101367897969251,0.4165438796890059,-0.006407089892080831,-0.006407089892080831
random_forest,707,elo_diff,D,0.34814238621344074,0.3237238461591389,0.02441854005430183,-0.00849767737635665
random_forest,1543,elo_diff,A,0.7609156880913251,0.7481493516111087,0.012766336480216411,0.012766336480216411
random_forest,1383,elo_diff,A,0.7620802887416808,0.7442571239565985,0.01782316478508228,0.01782316478508228
random_forest,1349,elo_diff,A,0.6615733701719145,0.6545781401058978,0.0069952300660167666,0.0069952300660167666
random_forest,1158,elo_diff,D,0.19015355838529815,0.22002057433768699,-0.02986701595238883,-0.035845335164340866
random_forest,775,elo_diff,A,0.7231512153335352,0.7140568874905154,0.009094327843019778,0.009094327843019778
random_forest,351,elo_diff,B,0.8892407095817978,0.8494352036747036,0.039805505907094196,-0.030586694341456503
random_forest,330,elo_diff,A,0.21475415742217285,0.23013613470248953,-0.015381977280316678,-0.015381977280316678
random_forest,101,elo_diff,D,0.22584643609089874,0.23245522906675187,-0.006608792975853123,-0.030746011093576765
random_forest,232,elo_diff,A,0.520348338463583,0.5142288695746766,0.006119468888906354,0.006119468888906354
random_forest,1512,elo_diff,A,0.40580187628686487,0.46548002998042776,-0.059678153693562885,-0.059678153693562885
random_forest,186,elo_diff,B,0.33869399435264463,0.33491226788393386,0.0037817264687107777,-0.044701631342956155
random_forest,684,elo_diff,A,0.3697407504463102,0.35589849497368015,0.013842255472630072,0.013842255472630072
random_forest,771,elo_diff,A,0.6335314995618018,0.6358993910527522,-0.0023678914909504023,-0.0023678914909504023
random_forest,596,elo_diff,A,0.4337104435218298,0.4479706695427144,-0.014260226020884614,-0.014260226020884614
random_forest,1679,elo_diff,D,0.28778982855045593,0.37611937987733374,-0.08832955132687781,-0.03164012794105933
random_forest,1619,elo_diff,B,0.7746551795007924,0.74518059874364,0.02947458075715248,-0.011490899546588496
random_forest,878,elo_diff,B,0.3213622724254263,0.3284591225165068,-0.007096850091080464,0.00635256117062899
random_forest,835,elo_diff,A,0.5694584171619039,0.5887342334650715,-0.019275816303167548,-0.019275816303167548
random_forest,1410,elo_diff,B,0.19975233566744946,0.19880585182427502,0.0009464838431744449,-0.005030054669699469
random_forest,1292,elo_diff,D,0.35016796190812455,0.35075088302843477,-0.0005829211203102203,0.009172623034410798
random_forest,699,elo_diff,B,0.6152118262466814,0.6152118262466814,0.0,0.0
random_forest,536,elo_diff,A,0.7432652963449425,0.6996254883431768,0.0436398080017657,0.0436398080017657
random_forest,206,elo_diff,D,0.2592119161398178,0.2564989325818623,0.0027129835579555173,-0.01622622134351326
random_forest,511,elo_diff,B,0.6086299077997591,0.6110202537731838,-0.00239034597342469,0.005798855399651581
random_forest,1338,elo_diff,A,0.7236640637407715,0.7014903181207987,0.022173745619972873,0.022173745619972873
random_forest,1209,elo_diff,B,0.42747862646672385,0.3587005108279006,0.06877811563882325,-0.04586269254672648
random_forest,54,elo_diff,A,0.7591724725128984,0.7263973460892812,0.03277512642361724,0.03277512642361724
random_forest,1412,elo_diff,B,0.03155253875080866,0.059074695144325506,-0.027522156393516843,0.04407884640627513
random_forest,21,elo_diff,B,0.7131444222602971,0.6439499771872632,0.06919444507303385,-0.022840463904073148
random_forest,337,elo_diff,B,0.4741728710754258,0.46341281865162887,0.010760052423796906,-0.011769787066310294
random_forest,275,elo_diff,B,0.8206806908876668,0.7628416819504024,0.05783900893726446,-0.016224833876446226
random_forest,239,elo_diff,B,0.5816816298580946,0.5927953116869488,-0.011113681828854194,-0.008048750948630869
random_forest,1578,elo_diff,B,0.2561926379896699,0.2680862915969215,-0.011893653607251586,0.0199282169807507
random_forest,255,elo_diff,D,0.2695025863943613,0.2695025863943613,0.0,0.0
random_forest,1532,elo_diff,A,0.857467239413294,0.7963571175725863,0.06111012184070763,0.06111012184070763
random_forest,735,elo_diff,A,0.14248442298059164,0.20674565703289313,-0.0642612340523015,-0.0642612340523015
random_forest,1492,elo_diff,D,0.17740406119176,0.2191315315161326,-0.0417274703243726,-0.020058660191611177
random_forest,711,elo_diff,B,0.4711099987994019,0.47353791504086673,-0.0024279162414648225,-0.0048843873703747764
random_forest,1207,elo_diff,B,0.8520167932164986,0.817632894240684,0.03438389897581462,-0.02269595465298742
random_forest,721,elo_diff,A,0.7445277349395839,0.716635695219538,0.027892039720045947,0.027892039720045947
random_forest,638,elo_diff,B,0.6499998210594792,0.6056497199241723,0.04435010113530691,-0.0217288595144532
random_forest,1148,elo_diff,A,0.1974692285643924,0.22858704638461494,-0.03111781782022255,-0.03111781782022255
random_forest,1307,elo_diff,A,0.798112877664141,0.7494896652903109,0.04862321237383005,0.04862321237383005
random_forest,904,elo_diff,B,0.47219819977030375,0.41021802229409854,0.06198017747620521,-0.021336920087751843
random_forest,14,elo_diff,A,0.7827840195083232,0.7714297276403799,0.011354291867943345,0.011354291867943345
random_forest,520,elo_diff,D,0.2228569005257178,0.22881948625736262,-0.0059625857316448205,0.020627418043561496
random_forest,20,elo_diff,A,0.6135517264928833,0.566326461048958,0.047225265443925246,0.047225265443925246
random_forest,921,elo_diff,D,0.1946020525772282,0.18528774196476172,0.009314310612466487,-0.016261169290075768
random_forest,440,elo_diff,B,0.39359070540663027,0.3876540829049066,0.005936622501723665,-0.031851372141198486
random_forest,99,elo_diff,A,0.7498870780825583,0.7211944734559897,0.02869260462656853,0.02869260462656853
random_forest,0,elo_diff,B,0.43883174774232264,0.3817917129309292,0.05704003481139347,-0.00987171785227714
random_forest,974,elo_diff,B,0.7087453633259084,0.6687181389610984,0.04002722436480999,-0.01827718036686868
random_forest,1440,elo_diff,B,0.6605442371573492,0.6494305537631545,0.011113683394194718,-0.014043950322576977
random_forest,1218,elo_diff,B,0.1887605749804384,0.20490602499469357,-0.016145450014255158,0.009224137912137609
random_forest,356,elo_diff,A,0.8618645988478723,0.8204172801814571,0.041447318666415156,0.041447318666415156
random_forest,362,elo_diff,A,0.8031007079892815,0.8162494694970236,-0.013148761507742135,-0.013148761507742135
random_forest,1044,elo_diff,D,0.34036609230107895,0.36760736728991145,-0.027241274988832498,0.061196314042038125
random_forest,416,elo_diff,A,0.5865736668234754,0.5845104394747129,0.0020632273487625197,0.0020632273487625197
random_forest,851,elo_diff,A,0.43652325195384606,0.41551482815099283,0.021008423802853227,0.021008423802853227
random_forest,450,elo_diff,D,0.3878425861560126,0.38677706989170946,0.0010655162643031235,-0.0025664651796270532
random_forest,1102,elo_diff,A,0.7975182939183272,0.7463529112455429,0.051165382672784254,0.051165382672784254
random_forest,1553,elo_diff,D,0.21717971602152464,0.23647957505859166,-0.01929985903706702,-0.023118834034410674
random_forest,867,elo_diff,B,0.7746051489683374,0.7406945758377227,0.03391057313061474,-0.02142806127713895
random_forest,1051,elo_diff,B,0.4815601608139139,0.4815601608139139,0.0,0.0
random_forest,783,elo_diff,A,0.4137461642535249,0.431058103942417,-0.01731193968889211,-0.01731193968889211
random_forest,669,elo_diff,A,0.7770800589577402,0.7342095089425046,0.04287055001523565,0.04287055001523565
random_forest,171,elo_diff,B,0.6522591657580817,0.6448085905258524,0.007450575232229362,-0.017658437220804464
random_forest,89,elo_diff,A,0.5922955354689797,0.5039240551639174,0.08837148030506237,0.08837148030506237
random_forest,563,elo_diff,D,0.4111089181142358,0.4122487630436826,-0.0011398449294467983,0.014608305884145495
random_forest,1178,elo_diff,A,0.8413838438769643,0.8202653693758967,0.02111847450106763,0.02111847450106763
random_forest,1008,elo_diff,A,0.7662410445206116,0.739007252895254,0.02723379162535755,0.02723379162535755
random_forest,769,elo_diff,A,0.6718888125250282,0.6759966740693706,-0.004107861544342395,-0.004107861544342395
random_forest,494,elo_diff,A,0.7803231309276448,0.7160618220223282,0.06426130890531667,0.06426130890531667
random_forest,931,elo_diff,A,0.3817517451896218,0.40111197024095085,-0.01936022505132906,-0.01936022505132906
random_forest,1024,elo_diff,A,0.1853000468266347,0.22381901208760757,-0.03851896526097287,-0.03851896526097287
random_forest,111,elo_diff,B,0.732380298733997,0.6959367432265114,0.03644355550748557,-0.01861661092747917
random_forest,1277,elo_diff,A,0.4470945027768409,0.45822932842639186,-0.011134825649550983,-0.011134825649550983
random_forest,750,elo_diff,A,0.2160301865665573,0.21208400882138345,0.0039461777451738345,0.0039461777451738345
random_forest,121,elo_diff,B,0.5296110288098136,0.5243302856306049,0.00528074317920868,-0.022833854670267786
random_forest,1107,elo_diff,A,0.6155041330715734,0.6130271496457421,0.0024769834258312473,0.0024769834258312473
random_forest,127,elo_diff,A,0.07364027886746154,0.0989250208622981,-0.02528474199483656,-0.02528474199483656
random_forest,411,elo_diff,B,0.3933017535602266,0.41561928094703426,-0.022317527386807645,0.01691052881916641
random_forest,1371,elo_diff,B,0.2657760637998617,0.2672114503249752,-0.0014353865251134912,-0.003183712092807045
random_forest,1332,elo_diff,B,0.8358995498006608,0.7995750528616091,0.03632449693905171,-0.02395000572556332
random_forest,597,elo_diff,A,0.6548900483422646,0.6570484152928571,-0.0021583669505924608,-0.0021583669505924608
random_forest,1155,elo_diff,A,0.3760384014716056,0.3380418291670047,0.037996572304600906,0.037996572304600906
random_forest,1381,elo_diff,A,0.5397182492241849,0.5518386814512269,-0.012120432227042066,-0.012120432227042066
random_forest,1237,elo_diff,A,0.7363774301992491,0.679457566664133,0.05691986353511602,0.05691986353511602
random_forest,1203,elo_diff,A,0.6456339680762623,0.6625347976539055,-0.016900829577643273,-0.016900829577643273
random_forest,1397,elo_diff,A,0.40734511631840403,0.40538575535598714,0.0019593609624168895,0.0019593609624168895
random_forest,894,elo_diff,B,0.8205727643799996,0.8194797088856066,0.0010930554943929804,-0.01148306643571112
random_forest,1624,elo_diff,A,0.7131349042022772,0.7183386740249814,-0.005203769822704207,-0.005203769822704207
random_forest,756,elo_diff,B,0.6127014188360266,0.636171519370129,-0.023470100534102367,0.0003240729946549781
random_forest,660,elo_diff,B,0.23442139453433986,0.2055437064037705,0.028877688130569346,-0.05380188645871653
random_forest,1114,elo_diff,D,0.27290131450060773,0.2682855225917162,0.004615791908891553,-0.0034389919608021624
random_forest,690,elo_diff,B,0.2884568463177108,0.27600636064602296,0.012450485671687828,-0.014401318127675033
random_forest,526,elo_diff,A,0.6827472588482526,0.666494045012526,0.016253213835726643,0.016253213835726643
random_forest,1513,elo_diff,A,0.7015288545352423,0.6466603810796765,0.05486847345556578,0.05486847345556578
random_forest,619,elo_diff,A,0.6947827190209641,0.6352805857397997,0.05950213328116438,0.05950213328116438
random_forest,1559,elo_diff,B,0.6731381694177853,0.6386063547269748,0.03453181469081046,-0.0423633509659178
random_forest,724,elo_diff,D,0.42153606745818456,0.43148104502473794,-0.009944977566553381,-0.02717616644413573
random_forest,693,elo_diff,A,0.2958891086535714,0.2876979564553361,0.008191152198235296,0.008191152198235296
random_forest,1413,elo_diff,B,0.8155270639272855,0.7796973557342803,0.03582970819300513,-0.019721229975432346
random_forest,323,elo_diff,A,0.7168113997213338,0.7007982666464514,0.01601313307488239,0.01601313307488239
random_forest,259,elo_diff,D,0.3552408427046861,0.3903873937004459,-0.03514655099575981,-0.029145742628771634
random_forest,1254,elo_diff,B,0.5332980959965006,0.5061100411042566,0.027188054892243962,-0.012418845895263583
random_forest,1030,elo_diff,A,0.24219824036825977,0.26474843782422136,-0.022550197455961596,-0.022550197455961596
random_forest,158,elo_diff,A,0.35753893136394305,0.4033474991558707,-0.04580856779192766,-0.04580856779192766
random_forest,615,elo_diff,B,0.3135495378706998,0.3181251855917587,-0.004575647721058895,0.01671220038809068
random_forest,180,elo_diff,A,0.12913045947964544,0.15492136228118636,-0.02579090280154092,-0.02579090280154092
random_forest,114,elo_diff,B,0.3603537457445199,0.3857655798164583,-0.02541183407193842,0.006187411392468117
random_forest,489,elo_diff,A,0.25952125576329504,0.25712480797514475,0.002396447788150291,0.002396447788150291
random_forest,933,elo_diff,B,0.2948123450898605,0.2827415838019387,0.012070761287921783,-0.007263210692373179
random_forest,742,elo_diff,B,0.801238313206504,0.7164358987207349,0.08480241448576908,-0.03379951479694204
random_forest,1658,elo_diff,B,0.7383506366632314,0.6876969824992822,0.05065365416394918,-0.01017260190792316
random_forest,1003,elo_diff,A,0.7603312932020515,0.7738984981825093,-0.013567204980457825,-0.013567204980457825
random_forest,1022,elo_diff,A,0.7339780521954197,0.6777454652308456,0.056232586964574116,0.056232586964574116
random_forest,585,elo_diff,B,0.6520392310132439,0.6369332178556393,0.015106013157604625,0.0003864964842877211
random_forest,1517,elo_diff,B,0.718696859405691,0.6761588016989628,0.04253805770672814,-0.014784450193188622
random_forest,618,elo_diff,B,0.14935654557181655,0.17037791011868597,-0.021021364546869425,0.011929122844513862
random_forest,1098,elo_diff,D,0.38861130687945084,0.3554094334982853,0.033201873381165536,-0.036461533347696196
random_forest,39,elo_diff,A,0.8585028848527226,0.8256680709850407,0.032834813867681945,0.032834813867681945
random_forest,1014,elo_diff,B,0.6537011630863083,0.6331474275855694,0.020553735500738912,-0.013157149055116613
random_forest,30,elo_diff,B,0.5068352145363629,0.5141183668326262,-0.007283152296263307,-0.03244326897301913
random_forest,1245,elo_diff,B,0.6514466415458959,0.6143708987638087,0.03707574278208725,-0.02257108241363017
random_forest,1202,elo_diff,B,0.12001657419054544,0.11997917313681035,3.740105373509217e-05,0.0032231069839108173
random_forest,296,elo_diff,D,0.10775044720860077,0.11484887740274986,-0.0070984301941490885,0.022905607104637404
random_forest,1125,elo_diff,D,0.21621228026037997,0.2077135837795133,0.00849869648086668,0.016324932688068117
random_forest,1506,elo_diff,A,0.8516314612052569,0.8044445956542478,0.04718686555100915,0.04718686555100915
random_forest,1039,elo_diff,A,0.4516584402352453,0.4452078043029531,0.006450635932292226,0.006450635932292226
random_forest,925,elo_diff,B,0.2668013447558906,0.257692031814983,0.00910931294090761,-0.013119163661611977
random_forest,1451,elo_diff,A,0.7013068029344917,0.6806294489251496,0.02067735400934201,0.02067735400934201
random_forest,634,elo_diff,A,0.7968450246517805,0.7591775406722637,0.0376674839795168,0.0376674839795168
random_forest,1415,elo_diff,B,0.09690882370950239,0.13724294824498853,-0.04033412453548614,0.05602265098081305
random_forest,1420,elo_diff,B,0.7128778282892222,0.6649439516147929,0.04793387667442928,-0.02080789900379993
random_forest,888,elo_diff,A,0.7283263480749228,0.6880851099226529,0.040241238152269876,0.040241238152269876
random_forest,561,elo_diff,B,0.6258078917936762,0.6452091872726359,-0.019401295478959635,0.004069972653876305
random_forest,463,elo_diff,A,0.6994626170244986,0.6634564985294692,0.03600611849502944,0.03600611849502944
random_forest,1462,elo_diff,A,0.2878599495871876,0.2706643863558395,0.017195563231348077,0.017195563231348077
random_forest,799,elo_diff,B,0.5900153918418883,0.6010540439083206,-0.011038652066432286,0.03700211986938409
random_forest,517,elo_diff,A,0.6607827306262065,0.6176169616963649,0.043165768929841586,0.043165768929841586
random_forest,605,elo_diff,B,0.3795674890212255,0.39030322433399167,-0.01073573531276617,0.011161868695836241
random_forest,78,elo_diff,B,0.5834174734660927,0.5110304932257032,0.07238698024038959,-0.016782761557905562
random_forest,937,elo_diff,A,0.18229780636552673,0.18902168308859565,-0.006723876723068928,-0.006723876723068928
random_forest,1625,elo_diff,A,0.1455611263421053,0.18777052406302142,-0.042209397720916114,-0.042209397720916114
random_forest,535,elo_diff,B,0.808920375904233,0.7437037183699334,0.06521665753429962,-0.027733349078537473
random_forest,1130,elo_diff,B,0.5751404034831327,0.5803781098224944,-0.005237706339361714,-0.01975624644387511
random_forest,1094,elo_diff,B,0.41202264413159106,0.4119839951216786,3.864900991246145e-05,0.01896683822090356
random_forest,633,elo_diff,B,0.423983796649034,0.38182370104822194,0.042160095600812075,-0.04017537839082044
random_forest,1526,elo_diff,B,0.43320251764325984,0.4486623035353208,-0.015459785892060984,0.005616270628351405
random_forest,1681,elo_diff,B,0.6969841780537247,0.6770228932340084,0.019961284819716263,-0.016309904385711338
random_forest,464,elo_diff,D,0.24696917342655833,0.20770130461252753,0.0392678688140308,-0.0032078729784598137
random_forest,1389,elo_diff,B,0.6072860697798075,0.620200731410356,-0.012914661630548552,-0.011367705869833648
random_forest,189,elo_diff,A,0.8847958268957946,0.8584347849959683,0.026361041899826354,0.026361041899826354
random_forest,847,elo_diff,A,0.29318928406670136,0.2968180051535355,-0.0036287210868341524,-0.0036287210868341524
random_forest,340,elo_diff,A,0.33804450236747324,0.33526644615190365,0.002778056215569591,0.002778056215569591
random_forest,225,elo_diff,A,0.7878477536688399,0.7658550883830544,0.021992665285785473,0.021992665285785473
random_forest,261,elo_diff,B,0.5678811606185626,0.5611562275020804,0.006724933116482257,-0.023832300504888188
random_forest,705,elo_diff,B,0.7087799485652928,0.6476674768783576,0.06111247168693523,-0.027723296872105146
random_forest,1579,elo_diff,A,0.8185440472024417,0.7730960343611355,0.045448012841306173,0.045448012841306173
random_forest,285,elo_diff,D,0.3030034095074483,0.30244307761536227,0.0005603318920860412,0.009369302644647637
random_forest,299,elo_diff,A,0.36824070199005315,0.3838418767659762,-0.015601174775923043,-0.015601174775923043
random_forest,805,elo_diff,A,0.6055812445699607,0.5831072305087609,0.022474014061199754,0.022474014061199754
random_forest,826,elo_diff,D,0.17639013539468062,0.2319340469403521,-0.05554391154567148,0.0720842404231875
random_forest,753,elo_diff,D,0.43650257943246196,0.43189948310927123,0.004603096323190725,0.008727878755545981
random_forest,40,elo_diff,A,0.3580737851436579,0.3514319444838327,0.0066418406598252044,0.0066418406598252044
random_forest,1669,elo_diff,B,0.5233378199728593,0.48773114619825714,0.03560667377460219,-0.02987967317324297
random_forest,845,elo_diff,B,0.634999752897027,0.6112073183465633,0.02379243455046376,-0.012473390958398084
random_forest,1521,elo_diff,B,0.8288756047588305,0.7855887671781248,0.04328683758070573,-0.02041650171178476
random_forest,1641,elo_diff,B,0.6510473225703267,0.6602606128287978,-0.009213290258471063,-0.02231735242215846
random_forest,355,elo_diff,B,0.5878480983721769,0.5772908930345964,0.010557205337580533,-0.01722527920217229
random_forest,375,elo_diff,B,0.5570397009254624,0.5472840783702442,0.009755622555218224,-2.1604783989756515e-05
random_forest,332,elo_diff,A,0.3060314301432743,0.26729653909301176,0.03873489105026251,0.03873489105026251
random_forest,92,elo_diff,D,0.33874663872130634,0.3287666033411155,0.009980035380190821,0.005653628396721844
random_forest,63,elo_diff,D,0.40552096053644454,0.40552096053644454,0.0,0.0
random_forest,1166,elo_diff,B,0.44141386918367287,0.436684686480921,0.004729182702751855,0.0013839363384788583
random_forest,1042,elo_diff,A,0.6949679926308342,0.6785277668690074,0.0164402257618268,0.0164402257618268
random_forest,33,elo_diff,A,0.6248312060070018,0.6271337216961637,-0.0023025156891618437,-0.0023025156891618437
random_forest,1524,elo_diff,B,0.5586008061743067,0.48390550596664617,0.07469530020766058,-0.019680298829802517
random_forest,1076,elo_diff,D,0.252730573680686,0.2241239820813774,0.028606591599308617,-0.012028392050299486
random_forest,1425,elo_diff,B,0.7612952879531704,0.7467537541199937,0.01454153383317669,-0.01596691295730574
random_forest,51,elo_diff,A,0.7291946321864834,0.7127254867722481,0.016469145414235276,0.016469145414235276
random_forest,385,elo_diff,B,0.7069495170928665,0.683707137467119,0.02324237962574749,-0.009898482030814629
random_forest,897,elo_diff,D,0.2736962383371467,0.30363737640373695,-0.029941138066590267,0.05614805386250987
random_forest,1226,elo_diff,A,0.7193614411202613,0.6985031178842965,0.020858323235964815,0.020858323235964815
random_forest,1317,elo_diff,D,0.19589492602817263,0.19928398593522104,-0.0033890599070484084,0.00435784020525104
random_forest,409,elo_diff,D,0.18303559076735745,0.16641971953702533,0.01661587123033212,-0.019106749531052375
random_forest,1219,elo_diff,A,0.1818198771415951,0.19091339253299663,-0.009093515391401547,-0.009093515391401547
random_forest,95,elo_diff,D,0.39436160664593495,0.3999332874550479,-0.005571680809112967,0.009412695136267829
random_forest,797,elo_diff,A,0.7288974683646018,0.7491429866093527,-0.02024551824475096,-0.02024551824475096
random_forest,268,elo_diff,A,0.39688266831701174,0.38182793934585196,0.015054728971159781,0.015054728971159781
random_forest,594,elo_diff,A,0.3690792182190458,0.3919177667389195,-0.022838548519873658,-0.022838548519873658
random_forest,616,elo_diff,A,0.581755538126065,0.6008966994720385,-0.019141161345973545,-0.019141161345973545
random_forest,1099,elo_diff,A,0.676207342574569,0.6873201559378096,-0.011112813363240548,-0.011112813363240548
random_forest,794,elo_diff,D,0.26198958795226285,0.2640951533118693,-0.0021055653596064317,-0.008057816027645076
random_forest,1537,elo_diff,B,0.5045553738342695,0.5208290192269766,-0.016273645392707037,0.0008456455102963112
random_forest,1434,elo_diff,B,0.6267946371533603,0.6303528399171455,-0.0035582027637852676,-0.005777740577806861
random_forest,1401,elo_diff,A,0.6585950857360011,0.6585950857360011,0.0,0.0
random_forest,809,elo_diff,B,0.40431601737280126,0.40427497382372485,4.104354907641383e-05,0.0044469496854701585
random_forest,1302,elo_diff,B,0.4978812409516367,0.4680136845204552,0.029867556431181497,-0.00536699949651806
random_forest,1140,elo_diff,A,0.7047761457984957,0.686672150777318,0.018103995021177655,0.018103995021177655
random_forest,1351,elo_diff,B,0.7661304767258955,0.7320380026012975,0.03409247412459804,-0.02273572474767099
random_forest,212,elo_diff,B,0.09993726874293944,0.13926013747359592,-0.03932286873065648,0.05879168146594016
random_forest,1404,elo_diff,B,0.13742503738837583,0.13039531894812006,0.007029718440255767,-0.01284134775696677
random_forest,1267,elo_diff,A,0.7317126299095283,0.7193259916901814,0.012386638219346935,0.012386638219346935
random_forest,488,elo_diff,B,0.577112963921362,0.5702628662938253,0.006850097627536744,-0.0001774695092360834
random_forest,941,elo_diff,A,0.8111192768398472,0.7944135671187262,0.016705709721120954,0.016705709721120954
random_forest,1667,elo_diff,A,0.07968988393467354,0.0815337622737627,-0.0018438783390891667,-0.0018438783390891667
random_forest,234,elo_diff,A,0.7621045242258239,0.7261066355534322,0.03599788867239162,0.03599788867239162
random_forest,486,elo_diff,A,0.7854884819232458,0.7562244047269678,0.029264077196277993,0.029264077196277993
random_forest,1149,elo_diff,A,0.5196560625040858,0.4879996850781613,0.031656377425924476,0.031656377425924476
random_forest,987,elo_diff,B,0.8362253573629337,0.802240974000742,0.03398438336219167,-0.02395282167440398
random_forest,990,elo_diff,D,0.3481962896248831,0.3665931797736422,-0.018396890148759115,0.029513608850150308
random_forest,785,elo_diff,B,0.4710084487226342,0.4295208781185043,0.041487570604129886,-0.016956873868808064
random_forest,1298,elo_diff,B,0.795469107002346,0.7163451949870795,0.07912391201526647,-0.036981298542855236
random_forest,1156,elo_diff,B,0.3595615517997539,0.33654206534106734,0.023019486458686567,-0.03455664868104841
random_forest,1285,elo_diff,A,0.7921718894243707,0.7517175124510422,0.04045437697332843,0.04045437697332843
random_forest,168,elo_diff,B,0.7959677761393512,0.7329337945933005,0.06303398154605067,-0.029044827311119518
random_forest,31,elo_diff,B,0.7377934356868119,0.7387308740332239,-0.0009374383464120228,-0.02396940475004434
random_forest,445,elo_diff,B,0.8649642494780387,0.7770026673291683,0.0879615821488704,-0.030081836391158728
random_forest,501,elo_diff,A,0.7433736002916561,0.6906196649201876,0.05275393537146855,0.05275393537146855
random_forest,1275,elo_diff,A,0.4221042115974322,0.43218603544503104,-0.010081823847598814,-0.010081823847598814
random_forest,1583,elo_diff,D,0.10383581550770132,0.11818485521726925,-0.014349039709567926,0.041034539969417305
random_forest,963,elo_diff,A,0.22542077289923138,0.2286965695573728,-0.0032757966581414277,-0.0032757966581414277
random_forest,612,elo_diff,B,0.3712929395226731,0.37786592234625777,-0.00657298282358465,0.020710974600131576
random_forest,153,elo_diff,B,0.448654821496241,0.45759353470153147,-0.008938713205290494,-0.006632885163090685
