model,feature,value,mean_p_A,mean_p_B,mean_p_D
random_forest,squad_rating_diff,-12.493624205621112,0.2692267995296251,0.43607353351964523,0.2946996669507297
random_forest,squad_rating_diff,-8.881042743562332,0.27150847656893196,0.4320248049260455,0.2964667185050226
random_forest,squad_rating_diff,-7.403234966954589,0.273005255348028,0.42509605040632903,0.301898694245643
random_forest,squad_rating_diff,-5.8902559371149685,0.27966991884851583,0.41334882054772903,0.30698126060375514
random_forest,squad_rating_diff,-4.463617604947137,0.2848500238408833,0.4075437744434734,0.3076062017156433
random_forest,squad_rating_diff,-2.6569137038243484,0.300944075006433,0.3894753722852867,0.30958055270828017
random_forest,squad_rating_diff,-1.2357995383823117,0.3225056100801867,0.36655954212115127,0.31093484779866204
random_forest,squad_rating_diff,-0.055231051990132514,0.3248903099876982,0.3515619204581932,0.3235477695541086
random_forest,squad_rating_diff,1.1016480020015194,0.37594597822951087,0.3089589998923986,0.3150950218780905
random_forest,squad_rating_diff,2.489408001870376,0.39820784100731715,0.29860167050383646,0.30319048848884633
random_forest,squad_rating_diff,3.9016561267087777,0.4046315603767431,0.2927427252388291,0.3026257143844278
random_forest,squad_rating_diff,5.604052725341094,0.4490714492436946,0.2705976829735244,0.28033086778278093
random_forest,squad_rating_diff,7.137228572254349,0.44792333568509024,0.26852108192414775,0.2835555823907619
random_forest,squad_rating_diff,9.003251326478807,0.4476898955280669,0.2654952869046146,0.2868148175673185
random_forest,squad_rating_diff,13.033997161221729,0.4501994059762548,0.2646616082963831,0.2851389857273621
random_forest,possession_diff,-13.41482194575934,0.30219133261338466,0.3940716863356461,0.30373698105096913
random_forest,possession_diff,-9.883297269568475,0.3034207296371755,0.3905232529790436,0.30605601738378096
random_forest,possession_diff,-7.828776447953092,0.3041855289871753,0.38782075693891316,0.30799371407391146
random_forest,possession_diff,-6.33631005080907,0.3052350625088497,0.38446759003693176,0.31029734745421844
random_forest,possession_diff,-4.714084615741896,0.3116257378976483,0.38027983502028834,0.3080944270820635
random_forest,possession_diff,-3.0642120315569272,0.32496565356774715,0.36668365058661195,0.30835069584564095
random_forest,possession_diff,-1.532784373253679,0.3271215357834991,0.36418383924466935,0.30869462497183153
random_forest,possession_diff,-0.08257092561245098,0.3412189527319802,0.3530295531819749,0.3057514940860449
random_forest,possession_diff,1.3435961551297004,0.3633050364894278,0.3297527092757169,0.30694225423485544
random_forest,possession_diff,2.6065899813691473,0.3679290863916811,0.31691243132201724,0.3151584822863017
random_forest,possession_diff,4.408723259169881,0.370386586555362,0.31614161298294197,0.31347180046169587
random_forest,possession_diff,6.281983700956102,0.3937489624220758,0.31003502202778804,0.2962160155501361
random_forest,possession_diff,7.904862011814458,0.410962549763093,0.30453201578848094,0.2845054344484261
random_forest,possession_diff,10.080141662209863,0.4103344940626614,0.30352343597628834,0.28614206996105035
random_forest,possession_diff,13.812999258805347,0.4101456426056508,0.3036424043501218,0.2862119530442274
random_forest,attack_vs_defense,-11.376533048981981,0.30515679162051074,0.4167400712765785,0.27810313710291074
random_forest,attack_vs_defense,-8.305993656909504,0.3062256774411599,0.41518815209611454,0.2785861704627255
random_forest,attack_vs_defense,-6.152504966284898,0.30995456316786835,0.40665095379493865,0.283394483037193
random_forest,attack_vs_defense,-4.138006782566146,0.313953361927496,0.3994814539161935,0.28656518415631055
random_forest,attack_vs_defense,-2.569030805376129,0.32093173948281734,0.3933120127305309,0.2857562477866517
random_forest,attack_vs_defense,-1.322078212266075,0.32485235031749055,0.38995266178570775,0.28519498789680164
random_forest,attack_vs_defense,0.1729051477922461,0.33878376155148393,0.3719516663742391,0.2892645720742769
random_forest,attack_vs_defense,1.467964783683396,0.36689975748550613,0.3431667973293459,0.28993344518514796
random_forest,attack_vs_defense,2.793831810936162,0.37935041536970265,0.3264780654572442,0.29417151917305306
random_forest,attack_vs_defense,4.267301714447073,0.3837882059520606,0.31610280292745396,0.30010899112048534
random_forest,attack_vs_defense,5.853365746619372,0.38474097983105093,0.3113507588086945,0.3039082613602545
random_forest,attack_vs_defense,7.355834352113736,0.3871237184334307,0.30894964499523786,0.3039266365713314
random_forest,attack_vs_defense,9.074110925816266,0.4146504593172119,0.3001285497697146,0.28522099091307346
random_forest,attack_vs_defense,11.704674401219117,0.4176546381686699,0.2981423368504918,0.2842030249808384
random_forest,attack_vs_defense,15.490258797887389,0.41708786089772126,0.2971810904347508,0.2857310486675278
random_forest,midfield_diff,-14.520495088213998,0.32044099115335667,0.39495301899585555,0.2846059898507877
random_forest,midfield_diff,-10.930572674758265,0.3217485287327466,0.38993802550162815,0.2883134457656252
random_forest,midfield_diff,-8.784075077793045,0.32364180881662036,0.3878669052019122,0.2884912859814674
random_forest,midfield_diff,-6.921410736488097,0.3271588362025669,0.38576285355161943,0.2870783102458136
random_forest,midfield_diff,-5.183926386725836,0.32927816686623596,0.3856712988258886,0.2850505343078754
random_forest,midfield_diff,-3.6250137705658902,0.33015481045667827,0.3826198841975269,0.28722530534579477
random_forest,midfield_diff,-1.941174901821531,0.33835454031404477,0.3719916823481874,0.28965377733776776
random_forest,midfield_diff,-0.3200148009005141,0.3505094767849564,0.3583157100201444,0.29117481319489913
random_forest,midfield_diff,1.3524621966440264,0.36072832997899706,0.339702659488947,0.29956901053205587
random_forest,midfield_diff,3.019044779614311,0.37311673751446567,0.3300008317378771,0.2968824307476572
random_forest,midfield_diff,4.698508164147575,0.3789288530346293,0.324812557026551,0.2962585899388197
random_forest,midfield_diff,6.737576556324197,0.38508068975893855,0.32154317487095496,0.2933761353701065
random_forest,midfield_diff,8.770052055289927,0.38518140342796253,0.32027995376031704,0.2945386428117203
random_forest,midfield_diff,11.241213665689854,0.3894601395617255,0.3193011588922449,0.29123870154602954
random_forest,midfield_diff,15.07907649816263,0.3877437514239837,0.3179948832573356,0.29426136531868063
random_forest,defense_vs_attack,-15.000067691937414,0.31637649422447406,0.3859786841392363,0.2976448216362896
random_forest,defense_vs_attack,-11.53976133796582,0.3171112421751435,0.3864286497374599,0.2964601080873966
random_forest,defense_vs_attack,-9.403847548940918,0.3190262044621893,0.3817600031411195,0.2992137923966911
random_forest,defense_vs_attack,-8.092476359254102,0.3207384694279973,0.3789946514309484,0.3002668791410544
random_forest,defense_vs_attack,-6.245229423970257,0.3273290557914944,0.36874866942713275,0.30392227478137274
random_forest,defense_vs_attack,-4.547230674288433,0.331774564186405,0.3672307669356149,0.30099466887798004
random_forest,defense_vs_attack,-3.074328184048169,0.3315769476101711,0.365809854342662,0.3026131980471668
random_forest,defense_vs_attack,-1.7311951579589666,0.34221566158489736,0.3633879058340193,0.2943964325810834
random_forest,defense_vs_attack,-0.4954216767756472,0.3716307613450826,0.34395500378741106,0.28441423486750633
random_forest,defense_vs_attack,1.1352759536999684,0.379277899874312,0.3485243085707916,0.27219779155489643
random_forest,defense_vs_attack,2.4394227074816097,0.3815735342454083,0.3429835095834034,0.2754429561711883
random_forest,defense_vs_attack,4.2127315662774745,0.39078340267279554,0.3324514345156636,0.2767651628115409
random_forest,defense_vs_attack,6.355426198490196,0.4008742808947853,0.3286449179579294,0.27048080114728523
random_forest,defense_vs_attack,8.30097485812165,0.40217743597427486,0.32681109982957357,0.27101146419615163
random_forest,defense_vs_attack,11.62497702504473,0.40190482879065087,0.3263772462559213,0.27171792495342784
random_forest,elo_diff,-316.8854948175054,0.3238778577054322,0.3953133767912335,0.2808087655033342
random_forest,elo_diff,-218.87034664064703,0.3279730579502524,0.38216549862116833,0.2898614434285793
random_forest,elo_diff,-166.96559512561336,0.3306326173271672,0.3752099658056223,0.2941574168672105
random_forest,elo_diff,-125.94174501588935,0.3344532939092127,0.3696386733657479,0.29590803272503935
random_forest,elo_diff,-88.645324655008,0.3390160109020027,0.370341844897406,0.29064214420059126
random_forest,elo_diff,-63.73066128038465,0.3455575808752877,0.3663787479996147,0.2880636711250975
random_forest,elo_diff,-33.93073215658396,0.3562820598760804,0.3573639954677413,0.2863539446561783
random_forest,elo_diff,-6.047832396123008,0.3593576247375172,0.3533559172188945,0.2872864580435883
random_forest,elo_diff,17.416008069282316,0.36867491469285985,0.34299246459138844,0.2883326207157517
random_forest,elo_diff,46.16511619873789,0.37136961836947274,0.33966342560099955,0.2889669560295277
random_forest,elo_diff,77.73785610176495,0.3726794561528778,0.3358609585754865,0.2914595852716357
random_forest,elo_diff,119.5569726539491,0.374280680883262,0.33460838705395946,0.29111093206277844
random_forest,elo_diff,161.51756994088464,0.37915650457038325,0.3304961673369445,0.2903473280926723
random_forest,elo_diff,218.44304723442954,0.384310259018306,0.32695467605122663,0.28873506493046736
random_forest,elo_diff,317.63823609247237,0.3854679740240638,0.3262170909386893,0.2883149350372469
random_forest,gk_diff,-16.217538111237836,0.35125382376615744,0.38005743377489676,0.2686887424589458
random_forest,gk_diff,-11.887467891699623,0.3524245975258714,0.37448540772113303,0.2730899947529956
random_forest,gk_diff,-8.828503707311588,0.3510427581561575,0.37524993554658753,0.273707306297255
random_forest,gk_diff,-6.430310597775914,0.3530726644707366,0.363725276610214,0.2832020589190494
random_forest,gk_diff,-4.764446824929873,0.3563558374940787,0.3615986156495391,0.2820455468563822
random_forest,gk_diff,-3.3275170715052145,0.3569445369252375,0.3590444582862289,0.2840110047885337
random_forest,gk_diff,-1.6750226071196415,0.3573681039141309,0.35760679285501373,0.28502510323085534
random_forest,gk_diff,-0.0668309628701466,0.36036389454271983,0.3519508270987034,0.2876852783585767
random_forest,gk_diff,1.4087110205816182,0.36088147226092987,0.350452265804032,0.288666261935038
random_forest,gk_diff,3.055698948894329,0.3670280646271539,0.340671117795981,0.292300817576865
random_forest,gk_diff,4.572028738694856,0.3730580335370361,0.33668341835733,0.2902585481056339
random_forest,gk_diff,6.458061298957342,0.3741626565770275,0.3340507824176378,0.2917865610053347
random_forest,gk_diff,8.574798699467959,0.374571979192059,0.33352416492616266,0.29190385588177825
random_forest,gk_diff,12.228130115261417,0.3736501491868726,0.33139789586356044,0.2949519549495669
random_forest,gk_diff,16.730150997554006,0.3778371777927981,0.3304870851782772,0.29167573702892474
random_forest,data_confidence_diff,-0.254,0.3558554164093411,0.36045560506361257,0.2836889785270464
random_forest,data_confidence_diff,-0.20399999999999996,0.3566574140976549,0.3594484106605092,0.2838941752418359
random_forest,data_confidence_diff,-0.15799999999999992,0.3564078811737265,0.3560775347737925,0.28751458405248104
random_forest,data_confidence_diff,-0.11499999999999999,0.35824939614106815,0.3554581407530038,0.286292463105928
random_forest,data_confidence_diff,-0.07800000000000007,0.360191291589081,0.3561104972394334,0.28369821117148564
random_forest,data_confidence_diff,-0.04700000000000004,0.3615729128903339,0.3562924219227586,0.2821346651869075
random_forest,data_confidence_diff,-0.02520714285714291,0.36220390145681713,0.3566668377247586,0.28112926081842415
random_forest,data_confidence_diff,0.0004999999999998867,0.36176736269147935,0.3554032858365763,0.2828293514719442
random_forest,data_confidence_diff,0.025999999999999936,0.3623113350084311,0.35670178943670505,0.2809868755548639
random_forest,data_confidence_diff,0.050999999999999934,0.3627571064313206,0.35516050700300794,0.2820823865656715
random_forest,data_confidence_diff,0.08000000000000007,0.3626024349787192,0.35639246276431763,0.28100510225696307
random_forest,data_confidence_diff,0.11700000000000003,0.36208263523251644,0.3624668671675947,0.2754504975998888
random_forest,data_confidence_diff,0.16503571428571426,0.3618904299137565,0.3612357299038792,0.27687384018236433
random_forest,data_confidence_diff,0.21099999999999997,0.363058107436672,0.3605059140993214,0.2764359784640065
random_forest,data_confidence_diff,0.26389999999999963,0.3627710915465392,0.35996091643259825,0.27726799202086244
