category,source,local_artifact,source_url,role,provenance_note
squads,FIFA,fifa_squadlists_english.pdf,https://fdp.fifa.org/assetspublic/ce281/pdf/SquadLists-English.pdf,Used to build working squads,Local metadata: 2026-06-03; live PDF has later July timestamp
ratings,EAFC local export,eafc26_players.csv,,Player overall ratings and detailed positions,18405 rows; update field 2025-09-19; exact upstream URL and licence unrecorded
performance,StatBunker,player_performance_data_statbunker.json,https://www.statbunker.com/competitions/PlayerStandings?comp_id=776,Main public statistics input; supplemented by other sources,19923 source rows are not unique players; example endpoint from manifest
supplement,salimt/football-datasets,player_performance_data_statbunker.json,https://github.com/salimt/football-datasets,Transfermarkt-derived CSV enrichment,Provider repository recorded; exact dataset commit unrecorded
supplement,English Wikipedia,player_performance_data_statbunker.json,https://en.wikipedia.org/w/api.php,Player biography aggregate statistics,Individual URLs in records; no universal recent-season coverage
supplement,Manual web research,remaining_player_manual_research.json,,Partial identity and statistics supplementation,Per-player evidence recorded; no single dataset URL
supplement,SofaScore,player_performance_data_statbunker.json,https://www.sofascore.com/player/razzaghinia-amirmohammad/1500737,Two primary-source player rows,Example of two profile URLs in reconstruction metadata; not broad provider coverage
saved_prior,FIFA ranking,external_data/world_football_elo/national_team_elo_ratings_fifa_rank_fallback_20260611.json,https://inside.fifa.com/fifa-world-ranking/men,Rank-derived prior declared in primary v2 outputs,Ranking as-of 2025-11-19; transformed locally to Elo scale
later_input,World Football Elo,external_data/world_football_elo/international_football_elo_20260611.json,https://www.eloratings.net/,Later import; not used in evaluated v2 artifacts,177 teams as-of 2026-06-11; user-supplied export
planned_input,martj42/international_results,external_football_data_manifest.json,https://github.com/martj42/international_results,Planned historical training input,June download failed; zero historical training rows in evaluated forest
structure,FIFA draw,world_cup_2026_simulation_structure.json,https://www.fifa.com/en/tournaments/mens/worldcup/canadamexicousa2026/articles/final-draw-results,Tournament groups,URL recorded in local metadata
structure_reference,The Guardian,world_cup_2026_simulation_structure.json,https://www.theguardian.com/football/ng-interactive/2026/jun/04/world-cup-2026-complete-player-guide,Reference recorded in tournament metadata,Active squad JSON identifies FIFA PDF as source despite inherited Guardian filename
context,Project modelling assumptions,world_cup_2026_venue_context.json,,Venue-region heat humidity altitude and travel priors,Not observed match weather or full team itineraries
evaluation,FIFA knockouts,actual_results_comparison/actual_outcomes.json,https://www.fifa.com/en/articles/knockout-stage-match-schedule-bracket?searchOverlay=1,Observed outcomes only,Verified 2026-10-08; not used to retrain forecasts
evaluation,FIFA standings,actual_results_comparison/actual_outcomes.json,https://www.fifa.com/en/articles/final-tournament-standings,Observed outcomes only,Verified 2026-10-08; not used to retrain forecasts
evaluation,FIFA awards,actual_results_comparison/actual_outcomes.json,https://www.fifa.com/en/articles/lessons-from-frances-2026-world-cup-campaign,Observed outcomes only,Verified 2026-10-08; not used to retrain forecasts
evaluation,FIFA final,actual_results_comparison/actual_outcomes.json,https://inside.fifa.com/organisation/news/new-york-jersey-stadium-spain-world-champions-mbappe-haaland,Observed outcomes only,Verified 2026-10-08; not used to retrain forecasts
