model,stage,brier_mean,uniform_brier,brier_skill,top_k_hits,k
primitive_eafc_poisson,round_of_32,0.15943097125000003,0.22222222222222224,0.2825606293749999,27,32
primitive_eafc_poisson,round_of_16,0.1599045375,0.22222222222222224,0.28042958125000006,11,16
primitive_eafc_poisson,quarter_finals,0.10041248250000001,0.1388888888888889,0.277030126,4,8
primitive_eafc_poisson,semi_finals,0.052068753333333335,0.07638888888888888,0.3183726836363635,2,4
primitive_eafc_poisson,final,0.03320873458333333,0.03993055555555555,0.1683377773913044,1,2
primitive_eafc_poisson,champion,0.01800156625,0.020399305555555552,0.11754024170212751,0,1
primitive_eafc_poisson,third_place,0.018974240833333333,0.020399305555555552,0.06985849191489346,0,1
primitive_eafc_poisson,fourth_place,0.019726552499999998,0.020399305555555552,0.032979213617021275,0,1
v2_heuristic_nt_elo,round_of_32,0.14970264458333335,0.22222222222222224,0.326338099375,27,32
v2_heuristic_nt_elo,round_of_16,0.13572845458333332,0.22222222222222224,0.38922195437500007,11,16
v2_heuristic_nt_elo,quarter_finals,0.11237922916666666,0.1388888888888889,0.19086955000000005,4,8
v2_heuristic_nt_elo,semi_finals,0.05519418416666666,0.07638888888888888,0.2774579527272727,2,4
v2_heuristic_nt_elo,final,0.034468266250000004,0.03993055555555555,0.13679472347826072,0,2
v2_heuristic_nt_elo,champion,0.016463542916666667,0.020399305555555552,0.19293610893617008,0,1
v2_heuristic_nt_elo,third_place,0.018696517916666665,0.020399305555555552,0.08347282382978716,0,1
v2_heuristic_nt_elo,fourth_place,0.021136387499999996,0.020399305555555552,-0.036132697872340414,0,1
v2_random_forest_nt_elo,round_of_32,0.15505466291666667,0.22222222222222224,0.3022540168750001,27,32
v2_random_forest_nt_elo,round_of_16,0.14110834125000002,0.22222222222222224,0.365012464375,11,16
v2_random_forest_nt_elo,quarter_finals,0.11430344333333332,0.1388888888888889,0.17701520800000015,4,8
v2_random_forest_nt_elo,semi_finals,0.05591175958333333,0.07638888888888888,0.2680642381818181,2,4
v2_random_forest_nt_elo,final,0.03663507083333334,0.03993055555555555,0.08253039999999978,0,2
v2_random_forest_nt_elo,champion,0.017017822499999998,0.020399305555555552,0.16576461617021276,0,1
v2_random_forest_nt_elo,third_place,0.01744253708333333,0.020399305555555552,0.14494456510638298,0,1
v2_random_forest_nt_elo,fourth_place,0.021096786666666662,0.020399305555555552,-0.034191414468085046,0,1
v2_random_forest_squad_proxy_legacy,round_of_32,0.15703082833333334,0.22222222222222224,0.2933612725,27,32
v2_random_forest_squad_proxy_legacy,round_of_16,0.15674496833333332,0.22222222222222224,0.2946476425000001,11,16
v2_random_forest_squad_proxy_legacy,quarter_finals,0.09926837125,0.1388888888888889,0.285267727,4,8
v2_random_forest_squad_proxy_legacy,semi_finals,0.03727961666666667,0.07638888888888888,0.5119759272727272,3,4
v2_random_forest_squad_proxy_legacy,final,0.0337274475,0.03993055555555555,0.1553474017391303,1,2
v2_random_forest_squad_proxy_legacy,champion,0.018132812916666664,0.020399305555555552,0.1111063625531915,0,1
v2_random_forest_squad_proxy_legacy,third_place,0.017999370833333337,0.020399305555555552,0.11764786382978687,0,1
v2_random_forest_squad_proxy_legacy,fourth_place,0.020302081249999996,0.020399305555555552,0.004766059574468184,0,1
